"last.name","first.name","state","district","party","gender","nameid","icpsr.id","missingVotes","idealPoint","lo","up","label"
"Ackerman","Gary","NY","5","D","M","A000022","15080",151,-1.16547072828165,-1.31434332194281,-1.03808003557502,"Ackerman (D NY-5)"
"Adams","Sandra","FL","24","R","F","A000366",NA,5,1.04525282612277,0.939343082911141,1.15823244166573,"Adams (R FL-24)"
"Aderholt","Robert","AL","4","R","M","A000055","29701",18,0.681970697795943,0.594971488191308,0.769316221007724,"Aderholt (R AL-4)"
"Akin","Todd","MO","2","R","M","A000358","20123",285,1.07776399120562,0.959269834658375,1.19126330406702,"Akin (R MO-2)"
"Alexander","Rodney","LA","5","R","M","A000361","20327",47,0.632437778727413,0.546479924971468,0.7228561775479,"Alexander (R LA-5)"
"Altmire","Jason","PA","4","D","M","A000362","20743",16,-0.179807610291704,-0.256100621304899,-0.111039456656926,"Altmire (D PA-4)"
"Amash","Justin","MI","3","R","M","A000367",NA,46,0.775997650560725,0.685035461740978,0.856965653712241,"Amash (R MI-3)"
"Amodei","Mark","NV","2","R","M","A000369",NA,746,0.82902134307557,0.715972073780897,0.946857869046638,"Amodei (R NV-2)"
"Andrews","Robert","NJ","1","D","M","A000210","15802",70,-1.0142505208958,-1.14183834024546,-0.903748046150584,"Andrews (D NJ-1)"
"Austria","Steve","OH","7","R","M","A000365",NA,82,0.694429963760362,0.600191337419512,0.777289053724745,"Austria (R OH-7)"
"Baca","Joe","CA","43","D","M","B001234","29942",123,-0.810146042064571,-0.918376779314073,-0.717035107140717,"Baca (D CA-43)"
"Bachmann","Michele","MN","6","R","F","B001256","20728",387,1.025129165445,0.911485303761202,1.13507433505468,"Bachmann (R MN-6)"
"Bachus","Spencer","AL","6","R","M","B000013","29301",63,0.69814014962543,0.609463171354562,0.786099164061907,"Bachus (R AL-6)"
"Baldwin","Tammy","WI","2","D","F","B001230","29940",55,-1.37472206267558,-1.54371228941659,-1.23039031014075,"Baldwin (D WI-2)"
"Barber","Ron","AZ","8","D","M","B001279",NA,1335,-0.720478060257281,-0.873760960067013,-0.594309018273897,"Barber (D AZ-8)"
"Barletta","Lou","PA","11","R","M","B001269",NA,29,0.563994334538285,0.4816082634781,0.647457707797499,"Barletta (R PA-11)"
"Barrow","John","GA","12","D","M","B001252","20507",8,-0.199444122819388,-0.278127726866255,-0.134492200967704,"Barrow (D GA-12)"
"Bartlett","Roscoe","MD","6","R","M","B000208","29356",53,0.661611980500407,0.571988646694826,0.744689363252512,"Bartlett (R MD-6)"
"Barton","Joe","TX","6","R","M","B000213","15202",68,0.779394550341505,0.683945815830319,0.862608635301022,"Barton (R TX-6)"
"Bass","Karen","CA","33","D","F","B001270",NA,128,-1.50506422403177,-1.68595831590541,-1.33898816794217,"Bass (D CA-33)"
"Bass","Charles","NH","2","R","M","B000220","29538",45,0.327737095196414,0.24851124354741,0.395545901307012,"Bass (R NH-2)"
"Becerra","Xavier","CA","31","D","M","B000287","29316",65,-1.49351592543853,-1.67463481684045,-1.3153690567376,"Becerra (D CA-31)"
"Benishek","Dan","MI","1","R","M","B001271",NA,19,0.993900647065311,0.896159973371373,1.09315272389416,"Benishek (R MI-1)"
"Berg","Rick","ND","1","R","M","B001272",NA,43,0.688343946423294,0.60049511989756,0.774185224450357,"Berg (R ND-1)"
"Berkley","Shelley","NV","1","D","F","B001231","29922",36,-0.774539002171779,-0.879121576331221,-0.685602758725638,"Berkley (D NV-1)"
"Berman","Howard","CA","28","D","M","B000410","15004",105,-1.07602136230757,-1.20294827433866,-0.954552403254846,"Berman (D CA-28)"
"Biggert","Judy","IL","13","R","F","B001232","29912",18,0.434180865462033,0.35305228221702,0.509301088852086,"Biggert (R IL-13)"
"Bilbray","Brian","CA","50","R","M","B000461","29508",67,0.54647650458089,0.461410648132347,0.623783239334283,"Bilbray (R CA-50)"
"Bilirakis","Gus","FL","9","R","M","B001257",NA,56,0.767064174444869,0.678077217799419,0.861432337511468,"Bilirakis (R FL-9)"
"Bishop","Timothy","NY","1","D","M","B001242","20338",69,-0.978162976357545,-1.09779698985617,-0.865380266223879,"Bishop (D NY-1)"
"Bishop","Rob","UT","1","R","M","B001250","20357",77,1.0091262581878,0.90746666270479,1.11250091685753,"Bishop (R UT-1)"
"Bishop Jr.","Sanford","GA","2","D","M","B000490","29339",71,-0.429817428777007,-0.515566446919898,-0.355061219149341,"Bishop Jr. (D GA-2)"
"Black","Diane","TN","6","R","M","B001273",NA,45,1.09738710272075,0.985953990540235,1.20445616025715,"Black (R TN-6)"
"Blackburn","Marsha","TN","7","R","F","B001243","20351",21,1.24718803175635,1.11523860159301,1.37521957010469,"Blackburn (R TN-7)"
"Blumenauer","Earl","OR","3","D","M","B000574","29588",106,-1.10663376106759,-1.23771996338871,-0.979794564641734,"Blumenauer (D OR-3)"
"Boehner","John","OH","8","R","M","B000589","15806",1597,0.944702103054351,-0.0319979326539009,1.9981590807643,"Boehner (R OH-8)"
"Bonamici","Suzanne","OR","1","D","F","B001278",NA,984,-1.26246954890773,-1.45711870738184,-1.06781569028729,"Bonamici (D OR-1)"
"Bonner","Jo","AL","1","R","M","B001244","20300",63,0.676680322429393,0.587352706422627,0.762732903915884,"Bonner (R AL-1)"
"Bono Mack","Mary","CA","45","R","F","B001228","29775",85,0.761972954578742,0.668592165891231,0.852674567761016,"Bono Mack (R CA-45)"
"Boren","Dan","OK","2","D","M","B001254","20523",87,0.0150952050259751,-0.0599595318987199,0.0785518959077842,"Boren (D OK-2)"
"Boswell","Leonard","IA","3","D","M","B000652","29721",22,-0.512566357436624,-0.607119704385035,-0.441264894606408,"Boswell (D IA-3)"
"Boustany Jr.","Charles","LA","7","R","M","B001255","20514",42,0.901471793206369,0.804508312865563,1.00292732733266,"Boustany Jr. (R LA-7)"
"Brady","Robert","PA","1","D","M","B001227","29777",28,-1.18221110948863,-1.32306393466192,-1.04532172288025,"Brady (D PA-1)"
"Brady","Kevin","TX","8","R","M","B000755","29760",59,1.15745806217309,1.0395741562323,1.274982729662,"Brady (R TX-8)"
"Braley","Bruce","IA","1","D","M","B001259","20719",92,-0.977201167527487,-1.09817644206301,-0.868686094750857,"Braley (D IA-1)"
"Brooks","Mo","AL","5","R","M","B001274",NA,17,0.990039735541081,0.881547061116934,1.08778824496327,"Brooks (R AL-5)"
"Broun","Paul","GA","10","R","M","B001262","20753",80,1.21567486907451,1.09300258491618,1.3292219035289,"Broun (R GA-10)"
"Brown","Corrine","FL","3","D","F","B000911","29328",89,-1.00991740039348,-1.13724265482504,-0.899671425921447,"Brown (D FL-3)"
"Buchanan","Vern","FL","13","R","M","B001260","20709",39,0.696668804141778,0.610245055716395,0.790469217234151,"Buchanan (R FL-13)"
"Bucshon","Larry","IN","8","R","M","B001275",NA,21,0.80409970540727,0.707483538260883,0.894067252402147,"Bucshon (R IN-8)"
"Buerkle","Ann Marie","NY","25","R","F","B001276",NA,41,1.10271765388475,0.993380774375598,1.22055109736685,"Buerkle (R NY-25)"
"Burgess","Michael","TX","26","R","M","B001248","20355",31,0.943878728486551,0.844416388968185,1.0426041428063,"Burgess (R TX-26)"
"Burton","Dan","IN","5","R","M","B001149","15013",167,1.04520243063283,0.933112460521513,1.15360039184768,"Burton (R IN-5)"
"Butterfield","G.","NC","1","D","M","B001251","20340",122,-0.881555175807105,-1.00144005213948,-0.783376610992771,"Butterfield (D NC-1)"
"Calvert","Ken","CA","44","R","M","C000059","29323",28,0.680484171211388,0.5849263928135,0.761523654865636,"Calvert (R CA-44)"
"Camp","Dave","MI","4","R","M","C000071","15808",20,0.741665957183358,0.646577556820351,0.826610396830076,"Camp (R MI-4)"
"Campbell","John","CA","48","R","M","C001064","20539",141,0.905314707634558,0.805447952830455,0.995419586061707,"Campbell (R CA-48)"
"Canseco","Francisco","TX","23","R","M","C001082",NA,31,1.07619708683798,0.964721787268435,1.18182084866223,"Canseco (R TX-23)"
"Cantor","Eric","VA","7","R","M","C001046","20144",132,0.94888421387636,0.846334815146919,1.05050940743386,"Cantor (R VA-7)"
"Capito","Shelley","WV","2","R","F","C001047","20146",15,0.548585257762055,0.460984242083123,0.62553763205472,"Capito (R WV-2)"
"Capps","Lois","CA","23","D","F","C001036","29774",28,-1.26958131404231,-1.41781494022372,-1.11781176470933,"Capps (D CA-23)"
"Capuano","Michael","MA","8","D","M","C001037","29919",46,-1.51335459045559,-1.70105554168081,-1.34981310433472,"Capuano (D MA-8)"
"Cardoza","Dennis","CA","18","D","M","C001050","20306",398,-0.307844879293478,-0.390060762669001,-0.237591232313742,"Cardoza (D CA-18)"
"Carnahan","Russ","MO","3","D","M","C001060","20516",53,-1.09297115133329,-1.22410868006928,-0.971831408335287,"Carnahan (D MO-3)"
"Carney","John","DE","1","D","M","C001083",NA,22,-0.683195489452908,-0.779458224194264,-0.596272840626523,"Carney (D DE-1)"
"Carson","André","IN","7","D","M","C001072",NA,83,-0.994896266759566,-1.11936520847933,-0.881206136432902,"Carson (D IN-7)"
"Carter","John","TX","31","R","M","C001051","20356",45,0.769085233601035,0.678969553564887,0.862328703219646,"Carter (R TX-31)"
"Cassidy","Bill","LA","6","R","M","C001075",NA,44,0.832236548065348,0.733222804640632,0.917315081892333,"Cassidy (R LA-6)"
"Castor","Kathy","FL","11","D","F","C001066","20708",85,-1.09694611236258,-1.22798307881221,-0.976752714591811,"Castor (D FL-11)"
"Chabot","Steven","OH","1","R","M","C000266","29550",7,1.17062484148102,1.0517659354096,1.28468012086753,"Chabot (R OH-1)"
"Chaffetz","Jason","UT","3","R","M","C001076",NA,59,1.09145027601154,0.984603793222582,1.20171623537428,"Chaffetz (R UT-3)"
"Chandler","Ben","KY","6","D","M","C001058","20326",48,-0.325773501335549,-0.410614927204737,-0.259012242288234,"Chandler (D KY-6)"
"Chu","Judy","CA","32","D","F","C001080",NA,52,-1.48309860948257,-1.66033980985433,-1.30851002444973,"Chu (D CA-32)"
"Cicilline","David","RI","1","D","M","C001084",NA,36,-1.24824885785253,-1.39356811168964,-1.10889877320057,"Cicilline (D RI-1)"
"Clarke","Hansen","MI","13","D","M","C001085",NA,16,-1.38870250745001,-1.55763557485505,-1.23922238608623,"Clarke (D MI-13)"
"Clarke","Yvette","NY","11","D","F","C001067","20733",73,-1.78421330962324,-1.98851967020043,-1.57330341396419,"Clarke (D NY-11)"
"Clay","William","MO","1","D","M","C001049","20147",79,-1.39320189352213,-1.57313420056103,-1.25119431368692,"Clay (D MO-1)"
"Cleaver II","Emanuel","MO","5","D","M","C001061","20517",80,-1.14588542890266,-1.28544373186843,-1.02386734537468,"Cleaver II (D MO-5)"
"Clyburn","James","SC","6","D","M","C000537","39301",50,-0.997345381539949,-1.12078041203919,-0.891122957126612,"Clyburn (D SC-6)"
"Coble","Howard","NC","6","R","M","C000556","15209",171,0.807981192603632,0.71380225839459,0.899320649605409,"Coble (R NC-6)"
"Coffman","Mike","CO","6","R","M","C001077",NA,15,0.842939385988572,0.741610628019652,0.931083990148534,"Coffman (R CO-6)"
"Cohen","Steve","TN","9","D","M","C001068","20748",60,-1.12876844924863,-1.2711352889263,-1.00951153062306,"Cohen (D TN-9)"
"Cole","Tom","OK","4","R","M","C001053","20344",25,0.621593605425368,0.536872840906562,0.706926816501652,"Cole (R OK-4)"
"Conaway","K.","TX","11","R","M","C001062","20531",5,1.24381357064878,1.1103476926071,1.36986945457576,"Conaway (R TX-11)"
"Connolly","Gerald","VA","11","D","M","C001078",NA,13,-0.802190766960139,-0.91144933192231,-0.712310797131005,"Connolly (D VA-11)"
"Conyers Jr.","John","MI","14","D","M","C000714","10713",86,-1.4008135825933,-1.57007425320703,-1.22757428528635,"Conyers Jr. (D MI-14)"
"Cooper","Jim","TN","5","D","M","C000754","15018",18,-0.434578049951871,-0.523284679867814,-0.356240529126186,"Cooper (D TN-5)"
"Costa","Jim","CA","20","D","M","C001059","20501",85,-0.216213175660648,-0.294634694557437,-0.149944599025255,"Costa (D CA-20)"
"Costello","Jerry","IL","12","D","M","C000794","15452",136,-0.459485962213235,-0.54748662703323,-0.384768614582437,"Costello (D IL-12)"
"Courtney","Joe","CT","2","D","M","C001069","20706",22,-0.935542296329095,-1.05420762059203,-0.837755965553353,"Courtney (D CT-2)"
"Cravaack","Chip","MN","8","R","M","C001086",NA,21,0.703334593267612,0.616198446770009,0.79217846564051,"Cravaack (R MN-8)"
"Crawford","Rick","AR","1","R","M","C001087",NA,19,0.695780245577587,0.602394200605389,0.778557742228062,"Crawford (R AR-1)"
"Crenshaw","Ander","FL","4","R","M","C001045","20111",22,0.643352366253497,0.557445368126201,0.733957993228196,"Crenshaw (R FL-4)"
"Critz","Mark","PA","12","D","M","C001081",NA,21,-0.36849079686778,-0.456644758457116,-0.300950158589385,"Critz (D PA-12)"
"Crowley","Joseph","NY","7","D","M","C001038","29925",64,-1.23991398244902,-1.39104663463772,-1.10582395982956,"Crowley (D NY-7)"
"Cuellar","Henry","TX","28","D","M","C001063","20533",13,-0.317345066051226,-0.394944559767568,-0.246675880792733,"Cuellar (D TX-28)"
"Culberson","John","TX","7","R","M","C001048","20139",148,0.988816884693041,0.886922122335542,1.09550081038395,"Culberson (R TX-7)"
"Cummings","Elijah","MD","7","D","M","C000984","29587",35,-1.37557019875458,-1.54935723782087,-1.22832233432966,"Cummings (D MD-7)"
"Curson","David","MI","11","D","M","C001089",NA,1551,-1.08515229176404,-1.64875707548267,-0.541722148898207,"Curson (D MI-11)"
"Davis","Susan","CA","53","D","F","D000598","20108",20,-1.0395944340116,-1.17753039444849,-0.926873016706896,"Davis (D CA-53)"
"Davis","Danny","IL","7","D","M","D000096","29717",120,-1.35351925792017,-1.51863720908566,-1.20287666618833,"Davis (D IL-7)"
"Davis","Geoff","KY","4","R","M","D000603","20511",168,0.67520168405719,0.588466970927891,0.766083073782619,"Davis (R KY-4)"
"DeFazio","Peter","OR","4","D","M","D000191","15409",44,-0.762711253559309,-0.867926649656606,-0.672836935948142,"DeFazio (D OR-4)"
"DeGette","Diana","CO","1","D","F","D000197","29710",38,-1.25643663785896,-1.40935117850376,-1.1115385652919,"DeGette (D CO-1)"
"DeLauro","Rosa","CT","3","D","F","D000216","15813",18,-1.29223326922668,-1.44121425105539,-1.14173394600286,"DeLauro (D CT-3)"
"DelBene","Suzan","WA","1","D","F","D000617",NA,1551,-0.983317670425926,-1.6131484955411,-0.424145090622995,"DelBene (D WA-1)"
"Denham","Jeffrey","CA","19","R","M","D000612",NA,37,0.803630297951867,0.713496251978106,0.897068829155354,"Denham (R CA-19)"
"Dent","Charlie","PA","15","R","M","D000604","20526",8,0.415841486417022,0.332622956375018,0.487633088738601,"Dent (R PA-15)"
"DesJarlais","Scott","TN","4","R","M","D000616",NA,14,0.934088272130879,0.839747652746325,1.0384033383836,"DesJarlais (R TN-4)"
"Deutch","Ted","FL","19","D","M","D000610",NA,81,-1.30403181063875,-1.45542804898682,-1.15705733727078,"Deutch (D FL-19)"
"Diaz-Balart","Mario","FL","21","R","M","D000600","20316",101,0.500953388322017,0.416744872503569,0.578858795890551,"Diaz-Balart (R FL-21)"
"Dicks","Norman","WA","6","D","M","D000327","14413",85,-0.925460333471486,-1.04473865472095,-0.821193752797122,"Dicks (D WA-6)"
"Dingell","John","MI","15","D","M","D000355","2605",69,-0.889107682738747,-1.00078343922033,-0.78171461555877,"Dingell (D MI-15)"
"Doggett","Lloyd","TX","25","D","M","D000399","29571",56,-1.06022685471249,-1.18765299944578,-0.94264163185192,"Doggett (D TX-25)"
"Dold","Robert","IL","10","R","M","D000613",NA,33,0.294999851683513,0.218825613180384,0.361290302635659,"Dold (R IL-10)"
"Donnelly","Joe","IN","2","D","M","D000607","20717",82,-0.235833722461775,-0.317806596324369,-0.173469288189374,"Donnelly (D IN-2)"
"Doyle","Mike","PA","14","D","M","D000482","29561",57,-1.07000510972468,-1.19502194980597,-0.951954975879308,"Doyle (D PA-14)"
"Dreier","David","CA","26","R","M","D000492","14813",24,0.698816323966177,0.602119724965208,0.782990874115551,"Dreier (R CA-26)"
"Duffy","Sean","WI","7","R","M","D000614",NA,33,0.822621504960745,0.732041696931879,0.917297698322371,"Duffy (R WI-7)"
"Duncan","Jeffrey","SC","3","R","M","D000615",NA,17,1.41289054533703,1.26483877311151,1.5600955124476,"Duncan (R SC-3)"
"Duncan Jr.","John","TN","2","R","M","D000533","15604",16,0.672050617225186,0.582604213639614,0.745435969137037,"Duncan Jr. (R TN-2)"
"Edwards","Donna","MD","4","D","F","E000290",NA,29,-1.58042223100129,-1.75944850738605,-1.38804378808037,"Edwards (D MD-4)"
"Ellison","Keith","MN","5","D","M","E000288","20727",147,-1.65465706777994,-1.85898053618423,-1.44981124717947,"Ellison (D MN-5)"
"Ellmers","Renee","NC","2","R","F","E000291",NA,36,0.896202073190997,0.793630288489097,0.995280994409685,"Ellmers (R NC-2)"
"Emerson","Jo Ann","MO","8","R","F","E000172","29736",59,0.580206580440803,0.490652840512188,0.657764445088904,"Emerson (R MO-8)"
"Engel","Eliot","NY","17","D","M","E000179","15605",123,-1.04867069013645,-1.19049491496903,-0.93881936566805,"Engel (D NY-17)"
"Eshoo","Anna","CA","14","D","F","E000215","29312",67,-1.05778359436762,-1.19017172778336,-0.944491645053306,"Eshoo (D CA-14)"
"Farenthold","Blake","TX","27","R","M","F000460",NA,20,0.958464420799421,0.856999272949917,1.05765723070774,"Farenthold (R TX-27)"
"Farr","Sam","CA","17","D","M","F000030","29313",42,-1.2074801836287,-1.35103829864465,-1.07071120421429,"Farr (D CA-17)"
"Fattah","Chaka","PA","2","D","M","F000043","29559",63,-1.08214978784465,-1.22400634133116,-0.966869983037787,"Fattah (D PA-2)"
"Filner","Bob","CA","51","D","M","F000116","29325",552,-1.89749336187883,-2.17028594109579,-1.64625512302993,"Filner (D CA-51)"
"Fincher","Stephen","TN","8","R","M","F000458",NA,27,0.981494786508183,0.880969425184152,1.08612523391395,"Fincher (R TN-8)"
"Fitzpatrick","Michael","PA","8","R","M","F000451","20524",16,0.323942646577004,0.250684497112065,0.393764875239584,"Fitzpatrick (R PA-8)"
"Flake","Jeff","AZ","6","R","M","F000444","20100",69,1.18221604941185,1.07076599067786,1.3044806134744,"Flake (R AZ-6)"
"Fleischmann","Chuck","TN","3","R","M","F000459",NA,34,0.948635197106138,0.853652586394699,1.05079307055225,"Fleischmann (R TN-3)"
"Fleming","John","LA","4","R","M","F000456",NA,17,1.21547597434529,1.09608915102207,1.34576929816243,"Fleming (R LA-4)"
"Flores","Bill","TX","17","R","M","F000461",NA,57,1.16549720230076,1.0476609778454,1.28576499223387,"Flores (R TX-17)"
"Forbes","J.","VA","4","R","M","F000445","20143",28,0.745175440003578,0.653130304699319,0.833173944770292,"Forbes (R VA-4)"
"Fortenberry","Jeff","NE","1","R","M","F000449","20518",60,0.488950410231242,0.412686465086521,0.570905416023765,"Fortenberry (R NE-1)"
"Foxx","Virginia","NC","5","R","F","F000450","20521",8,1.15390593554848,1.0362805100685,1.27115033353663,"Foxx (R NC-5)"
"Frank","Barney","MA","4","D","M","F000339","14824",80,-1.1132909595156,-1.25458950517132,-1.00119000133292,"Frank (D MA-4)"
"Franks","Trent","AZ","2","R","M","F000448","20304",35,1.20092574226116,1.0758914933733,1.31718578988542,"Franks (R AZ-2)"
"Frelinghuysen","Rodney","NJ","11","R","M","F000372","29541",122,0.516084185918168,0.431835151146102,0.602023561527428,"Frelinghuysen (R NJ-11)"
"Fudge","Marcia","OH","11","D","F","F000455",NA,33,-1.41192763724081,-1.59085626316245,-1.2608848764731,"Fudge (D OH-11)"
"Gallegly","Elton","CA","24","R","M","G000021","15412",130,0.730963696264478,0.636474550107747,0.817147735834249,"Gallegly (R CA-24)"
"Garamendi","John","CA","10","D","M","G000559",NA,83,-0.994561908259046,-1.12380632452673,-0.889052498364103,"Garamendi (D CA-10)"
"Gardner","Cory","CO","4","R","M","G000562",NA,29,0.906868624355364,0.809472139999142,1.0065903747504,"Gardner (R CO-4)"
"Garrett","Scott","NJ","5","R","M","G000548","20336",32,1.22513433491346,1.09768259789756,1.3448884972754,"Garrett (R NJ-5)"
"Gerlach","Jim","PA","6","R","M","G000549","20345",29,0.387472344054974,0.304622702460166,0.457307417943079,"Gerlach (R PA-6)"
"Gibbs","Bob","OH","18","R","M","G000563",NA,11,0.845557637522909,0.753712068497607,0.937958369220746,"Gibbs (R OH-18)"
"Gibson","Chris","NY","20","R","M","G000564",NA,14,0.203603354229122,0.12646388797989,0.265901064211512,"Gibson (R NY-20)"
"Giffords","Gabrielle","AZ","8","D","F","G000554","20701",1596,-1.05928963034866,-1.89536241806038,-0.158285148234363,"Giffords (D AZ-8)"
"Gingrey","Phil","GA","11","R","M","G000550","20319",92,1.07311246379276,0.9540271807543,1.176040285612,"Gingrey (R GA-11)"
"Gohmert","Louie","TX","1","R","M","G000552","20527",146,0.892569821501437,0.801201587337678,0.991311615174696,"Gohmert (R TX-1)"
"Gonzalez","Charlie","TX","20","D","M","G000544","29943",77,-0.665619484854526,-0.774271493338616,-0.584528665639629,"Gonzalez (D TX-20)"
"Goodlatte","Robert","VA","6","R","M","G000289","39308",21,0.999467342552152,0.901234881193372,1.10470885716768,"Goodlatte (R VA-6)"
"Gosar","Paul","AZ","1","R","M","G000565",NA,81,0.918757635690096,0.818079862443527,1.01333538810832,"Gosar (R AZ-1)"
"Gowdy","Trey","SC","4","R","M","G000566",NA,19,1.35716441505455,1.21890165572767,1.51711682758075,"Gowdy (R SC-4)"
"Granger","Kay","TX","12","R","F","G000377","29762",71,0.699141583348509,0.60571071046609,0.786385880883034,"Granger (R TX-12)"
"Graves","Tom","GA","9","R","M","G000560",NA,13,1.43592016524579,1.29561596021446,1.58137535886069,"Graves (R GA-9)"
"Graves","Sam","MO","6","R","M","G000546","20124",71,0.924280277282873,0.825356112492838,1.02110044113523,"Graves (R MO-6)"
"Green","Gene","TX","29","D","M","G000410","39304",49,-0.427731940484388,-0.515122690620361,-0.353682145056235,"Green (D TX-29)"
"Green","Al","TX","9","D","M","G000553","20529",34,-0.75330712825492,-0.855282688654028,-0.658668798712925,"Green (D TX-9)"
"Griffin","Tim","AR","2","R","M","G000567",NA,23,0.840106420150079,0.743307007719148,0.933197406573072,"Griffin (R AR-2)"
"Griffith","Morgan","VA","9","R","M","G000568",NA,32,0.807714613342314,0.720584512535235,0.904172929498668,"Griffith (R VA-9)"
"Grijalva","Raúl","AZ","7","D","M","G000551","20305",104,-1.48093880904905,-1.6579129854895,-1.3186116673871,"Grijalva (D AZ-7)"
"Grimm","Mike","NY","13","R","M","G000569",NA,31,0.485668408856317,0.401094001328548,0.560907258538428,"Grimm (R NY-13)"
"Guinta","Frank","NH","1","R","M","G000570",NA,52,0.848051031163165,0.74795350530295,0.945155892568158,"Guinta (R NH-1)"
"Guthrie","Brett","KY","2","R","M","G000558",NA,19,0.785387668476734,0.689711318250135,0.876045906745665,"Guthrie (R KY-2)"
"Gutierrez","Luis","IL","4","D","M","G000535","29348",206,-1.21284409035226,-1.3535557822062,-1.07892857024467,"Gutierrez (D IL-4)"
"Hahn","Janice","CA","36","D","F","H001063",NA,659,-1.23625437864323,-1.40154984521777,-1.07847614908273,"Hahn (D CA-36)"
"Hall","Ralph","TX","4","R","M","H000067","14828",31,0.907979414999822,0.807084198766229,0.99957874231296,"Hall (R TX-4)"
"Hanabusa","Colleen","HI","1","D","F","H001050",NA,17,-1.06920324103916,-1.20068862722582,-0.949495182453147,"Hanabusa (D HI-1)"
"Hanna","Richard","NY","24","R","M","H001051",NA,64,0.371359435882158,0.294728453866085,0.440531197769233,"Hanna (R NY-24)"
"Harman","Jane","CA","36","D","F","H000213","29318",1519,-0.831966352840881,-1.13287491769672,-0.542189391644041,"Harman (D CA-36)"
"Harper","Gregg","MS","3","R","M","H001045",NA,17,0.73802006830692,0.645634111732693,0.830158901118199,"Harper (R MS-3)"
"Harris","Andy","MD","1","R","M","H001052",NA,19,0.797092710660525,0.706838333841276,0.888398882343544,"Harris (R MD-1)"
"Hartzler","Vicky","MO","4","R","F","H001053",NA,34,0.960593037192542,0.856720949093292,1.05636191840161,"Hartzler (R MO-4)"
"Hastings","Alcee","FL","23","D","M","H000324","29337",27,-1.22410184812746,-1.37919488822904,-1.09283456268345,"Hastings (D FL-23)"
"Hastings","Doc","WA","4","R","M","H000329","29580",97,0.735098417321154,0.643307800196119,0.83299986651946,"Hastings (R WA-4)"
"Hayworth","Nan","NY","19","R","F","H001054",NA,19,0.47509240657503,0.391257707021423,0.550048147968888,"Hayworth (R NY-19)"
"Heck","Joe","NV","3","R","M","H001055",NA,6,0.564841216993413,0.481693980823777,0.648406590276065,"Heck (R NV-3)"
"Heinrich","Martin","NM","1","D","M","H001046",NA,96,-0.779109237006968,-0.888389145965837,-0.684146847707609,"Heinrich (D NM-1)"
"Heller","Dean","NV","2","R","M","H001041","20730",1317,0.839060681901905,0.670595779964628,1.01791824283989,"Heller (R NV-2)"
"Hensarling","Jeb","TX","5","R","M","H001036","20352",8,1.36389744233248,1.21574317820715,1.50399809629536,"Hensarling (R TX-5)"
"Herger","Wally","CA","2","R","M","H000528","15419",76,1.11151429183243,0.995727584974564,1.22850036069204,"Herger (R CA-2)"
"Herrera Beutler","Jaime","WA","3","R","F","H001056",NA,18,0.618004395789122,0.533090071676569,0.703979344433349,"Herrera Beutler (R WA-3)"
"Higgins","Brian","NY","27","D","M","H001038","20519",40,-0.916214549177701,-1.03178234499077,-0.809387344263275,"Higgins (D NY-27)"
"Himes","Jim","CT","4","D","M","H001047",NA,15,-0.763870019030372,-0.859539238085702,-0.663723759054872,"Himes (D CT-4)"
"Hinchey","Maurice","NY","22","D","M","H000627","29380",304,-1.32984964319886,-1.48586545085968,-1.16787495778625,"Hinchey (D NY-22)"
"Hinojosa","Rubén","TX","15","D","M","H000636","29763",155,-0.751185968464115,-0.852593569224004,-0.658729585159365,"Hinojosa (D TX-15)"
"Hirono","Mazie","HI","2","D","F","H001042","20713",208,-1.382191524335,-1.5581276716978,-1.22118019689979,"Hirono (D HI-2)"
"Hochul","Kathy","NY","26","D","F","H001062",NA,385,-0.461494537211343,-0.551225966104511,-0.382542014616791,"Hochul (D NY-26)"
"Holden","Tim","PA","17","D","M","H000712","29396",146,-0.361985221025596,-0.449026721110218,-0.294717460192034,"Holden (D PA-17)"
"Holt","Rush","NJ","12","D","M","H001032","29923",19,-1.36300901871477,-1.52279280136171,-1.21405471861853,"Holt (D NJ-12)"
"Honda","Michael","CA","15","D","M","H001034","20103",84,-1.58816967791957,-1.7819791033206,-1.40259386982511,"Honda (D CA-15)"
"Hoyer","Steny","MD","5","D","M","H000874","14873",69,-1.0322911707924,-1.15519080234201,-0.918113352578251,"Hoyer (D MD-5)"
"Huelskamp","Tim","KS","1","R","M","H001057",NA,9,1.10469688912029,0.99631838711759,1.21121027740335,"Huelskamp (R KS-1)"
"Huizenga","Bill","MI","2","R","M","H001058",NA,31,1.19267216120402,1.0705512436205,1.31403628029931,"Huizenga (R MI-2)"
"Hultgren","Randy","IL","14","R","M","H001059",NA,10,0.857412673292776,0.760579118725213,0.945077448628844,"Hultgren (R IL-14)"
"Hunter","Duncan","CA","52","R","M","H001048",NA,25,1.09469991400394,0.983336202086633,1.20360676913919,"Hunter (R CA-52)"
"Hurt","Robert","VA","5","R","M","H001060",NA,29,1.08263048381345,0.976646647318926,1.20175318617954,"Hurt (R VA-5)"
"Inslee","Jay","WA","1","D","M","I000026","39311",581,-0.873875360055336,-0.99604096130755,-0.768440586465444,"Inslee (D WA-1)"
"Israel","Steve","NY","2","D","M","I000057","20129",32,-1.03777676149153,-1.16746089868738,-0.926793377068183,"Israel (D NY-2)"
"Issa","Darrell","CA","49","R","M","I000056","20107",40,1.05665020849782,0.947677825920412,1.15859808506826,"Issa (R CA-49)"
"Jackson Jr.","Jesse","IL","2","D","M","J000283","29585",398,-1.7779897592393,-2.00262494487342,-1.54613585236865,"Jackson Jr. (D IL-2)"
"Jackson-Lee","Sheila","TX","18","D","F","J000032","29573",157,-0.922327810591381,-1.03233989645338,-0.813568285352272,"Jackson-Lee (D TX-18)"
"Jenkins","Lynn","KS","2","R","F","J000290",NA,39,1.07694948632152,0.975409602857902,1.18088620836074,"Jenkins (R KS-2)"
"Johnson","Hank","GA","4","D","M","J000288","20712",87,-1.33234164889246,-1.49366179820694,-1.17967686122027,"Johnson (D GA-4)"
"Johnson","Eddie","TX","30","D","F","J000126","39305",81,-1.03189210587197,-1.15453196783118,-0.924224598907385,"Johnson (D TX-30)"
"Johnson","Timothy","IL","15","R","M","J000285","20116",142,0.295924998622614,0.219188716032696,0.361839060325762,"Johnson (R IL-15)"
"Johnson","Bill","OH","6","R","M","J000292",NA,9,0.868354874049403,0.766297376497402,0.955195862498906,"Johnson (R OH-6)"
"Johnson","Sam","TX","3","R","M","J000174","15843",96,1.09365141058265,0.985571672044653,1.20569443276969,"Johnson (R TX-3)"
"Jones","Walter","NC","3","R","M","J000255","29546",61,0.105812599102657,0.0381701809730433,0.171590353953686,"Jones (R NC-3)"
"Jordan","Jim","OH","4","R","M","J000289","20738",53,1.38940913820135,1.24500792582237,1.53712938317426,"Jordan (R OH-4)"
"Kaptur","Marcy","OH","9","D","F","K000009","15028",86,-0.969265994716079,-1.09166988070897,-0.862998136005804,"Kaptur (D OH-9)"
"Keating","Bill","MA","10","D","M","K000375",NA,42,-1.0625171307538,-1.19550457179077,-0.953079895464256,"Keating (D MA-10)"
"Kelly","Mike","PA","3","R","M","K000376",NA,12,0.65200568334155,0.56727864402014,0.738674343027914,"Kelly (R PA-3)"
"Kildee","Dale","MI","5","D","M","K000172","14430",16,-1.14543086657598,-1.28054544819837,-1.02352165844676,"Kildee (D MI-5)"
"Kind","Ron","WI","3","D","M","K000188","29769",43,-0.651233567451169,-0.745587896758326,-0.565558981715663,"Kind (D WI-3)"
"King","Steve","IA","5","R","M","K000362","20325",55,0.87941446260804,0.787138473067562,0.97582265071639,"King (R IA-5)"
"King","Peter","NY","3","R","M","K000210","29375",48,0.488884546551295,0.407451324145463,0.571337044279378,"King (R NY-3)"
"Kingston","Jack","GA","1","R","M","K000220","29338",31,0.960880618126568,0.856964410903776,1.05731362546577,"Kingston (R GA-1)"
"Kinzinger","Adam","IL","11","R","M","K000378",NA,40,0.607089570165909,0.514077898385044,0.686149136622031,"Kinzinger (R IL-11)"
"Kissell","Larry","NC","8","D","M","K000369",NA,28,-0.272768607002591,-0.349964375442854,-0.206125343362417,"Kissell (D NC-8)"
"Kline","John","MN","2","R","M","K000363","20333",11,1.02577244738597,0.913136120657713,1.12506381135536,"Kline (R MN-2)"
"Kucinich","Dennis","OH","10","D","M","K000336","29748",90,-1.16634122655542,-1.30736985280044,-1.04003407536408,"Kucinich (D OH-10)"
"LaTourette","Steven","OH","14","R","M","L000553","29553",73,0.362411866630188,0.277951984603716,0.433099057874496,"LaTourette (R OH-14)"
"Labrador","Raul","ID","1","R","M","L000573",NA,79,1.01622869458206,0.917977772128498,1.12470788272551,"Labrador (R ID-1)"
"Lamborn","Doug","CO","5","R","M","L000564","20704",51,1.34726164298916,1.20039607773942,1.48102070457329,"Lamborn (R CO-5)"
"Lance","Leonard","NJ","7","R","M","L000567",NA,6,0.550490663692883,0.473317439317596,0.632358951668831,"Lance (R NJ-7)"
"Landry","Jeff","LA","3","R","M","L000574",NA,126,1.08771810769412,0.975998503216147,1.20350831770851,"Landry (R LA-3)"
"Langevin","Jim","RI","2","D","M","L000559","20136",33,-1.08119273078895,-1.21136422583452,-0.96396286242709,"Langevin (D RI-2)"
"Lankford","James","OK","5","R","M","L000575",NA,12,1.02718838872211,0.921889295295377,1.1300395881658,"Lankford (R OK-5)"
"Larsen","Rick","WA","2","D","M","L000560","20145",21,-0.766416617383694,-0.867453247624925,-0.679061124194048,"Larsen (D WA-2)"
"Larson","John","CT","1","D","M","L000557","29908",81,-1.17018366786481,-1.31267013668867,-1.04000158385668,"Larson (D CT-1)"
"Latham","Tom","IA","4","R","M","L000111","29522",15,0.524569785646662,0.441012530296599,0.606860075079486,"Latham (R IA-4)"
"Latta","Robert","OH","5","R","M","L000566","99998",8,1.00449704225636,0.902503690745206,1.11074292878364,"Latta (R OH-5)"
"Lee","Barbara","CA","9","D","F","L000551","29778",85,-1.8812391483705,-2.11545241035673,-1.66419433352556,"Lee (D CA-9)"
"Lee","Christopher","NY","26","R","M","L000568",NA,1581,1.26228750888215,0.257266734258421,2.17586912735036,"Lee (R NY-26)"
"Levin","Sander","MI","12","D","M","L000263","15032",8,-1.12952413238012,-1.26988823643696,-1.01042211667269,"Levin (D MI-12)"
"Lewis","John","GA","5","D","M","L000287","15430",115,-1.57988687614473,-1.75867546922904,-1.39014799157274,"Lewis (D GA-5)"
"Lewis","Jerry","CA","41","R","M","L000274","14644",219,0.650528358660212,0.557511698634516,0.740949677970418,"Lewis (R CA-41)"
"Lipinski","Daniel","IL","3","D","M","L000563","20508",51,-0.550426145790385,-0.640030035894425,-0.472415519701045,"Lipinski (D IL-3)"
"LoBiondo","Frank","NJ","2","R","M","L000554","29539",5,0.325103464879632,0.249778515319079,0.393432099797748,"LoBiondo (R NJ-2)"
"Loebsack","Dave","IA","2","D","M","L000565","20720",39,-0.749382387996813,-0.854234958477324,-0.659908734295534,"Loebsack (D IA-2)"
"Lofgren","Zoe","CA","16","D","F","L000397","29504",67,-1.05279171031683,-1.18569459777542,-0.943320936941389,"Lofgren (D CA-16)"
"Long","Billy","MO","7","R","M","L000576",NA,56,1.13422943608453,1.02182296057182,1.25392646330193,"Long (R MO-7)"
"Lowey","Nita","NY","18","D","F","L000480","15614",57,-1.12040154107433,-1.24986754740091,-0.987749977900739,"Lowey (D NY-18)"
"Lucas","Frank","OK","3","R","M","L000491","29393",29,0.637674840085922,0.550795804822007,0.725127762340714,"Lucas (R OK-3)"
"Luetkemeyer","Blaine","MO","9","R","M","L000569",NA,16,0.898745281684644,0.800226839453258,0.99389963499081,"Luetkemeyer (R MO-9)"
"Lujan","Ben","NM","3","D","M","L000570",NA,48,-0.921286081541212,-1.03083298697679,-0.811796229029727,"Lujan (D NM-3)"
"Lummis","Cynthia","WY","1","R","F","L000571",NA,55,0.994980069481424,0.893493929773654,1.09210098236134,"Lummis (R WY-1)"
"Lungren","Dan","CA","3","R","M","L000517","14647",20,0.715112103413935,0.628301253030284,0.805388427869659,"Lungren (R CA-3)"
"Lynch","Stephen","MA","9","D","M","L000562","20119",54,-0.911063397576079,-1.02525119545405,-0.810232799316396,"Lynch (D MA-9)"
"Mack","Connie","FL","14","R","M","M001155","20503",259,1.2119011717726,1.07598910850247,1.33393695538538,"Mack (R FL-14)"
"Maloney","Carolyn","NY","14","D","F","M000087","29379",77,-1.22295689374494,-1.38157111838171,-1.08727191439866,"Maloney (D NY-14)"
"Manzullo","Donald","IL","16","R","M","M001138","29349",100,0.944868736856676,0.849655527741057,1.04901832670025,"Manzullo (R IL-16)"
"Marchant","Kenny","TX","24","R","M","M001158","20532",99,1.05931387994318,0.952407915595324,1.16516622031867,"Marchant (R TX-24)"
"Marino","Tom","PA","10","R","M","M001179",NA,121,0.800204625180477,0.701948802457159,0.889115481171789,"Marino (R PA-10)"
"Markey","Edward","MA","7","D","M","M000133","14435",56,-1.72212821710355,-1.9451745173933,-1.51970507209211,"Markey (D MA-7)"
"Massie","Thomas","KY","4","R","M","M001184",NA,1551,1.26683514239689,0.897621154920946,1.6418400569733,"Massie (R KY-4)"
"Matheson","Jim","UT","2","D","M","M001142","20140",12,-0.0254927870926121,-0.102023281232434,0.0359498348117037,"Matheson (D UT-2)"
"Matsui","Doris","CA","5","D","F","M001163","20538",14,-1.31105730767447,-1.46948285717202,-1.15695741259254,"Matsui (D CA-5)"
"McCarthy","Carolyn","NY","4","D","F","M000309","29744",113,-0.863199651235224,-0.984280439462315,-0.767961326564984,"McCarthy (D NY-4)"
"McCarthy","Kevin","CA","22","R","M","M001165","20703",44,0.948887924982361,0.846339562108678,1.04919525476676,"McCarthy (R CA-22)"
"McCaul","Michael","TX","10","R","M","M001157","20530",25,0.857011047005621,0.763324889879055,0.950676822168213,"McCaul (R TX-10)"
"McClintock","Tom","CA","4","R","M","M001177",NA,10,0.94733906680957,0.851259301292967,1.045698019063,"McClintock (R CA-4)"
"McCollum","Betty","MN","4","D","F","M001143","20122",90,-1.2411863049213,-1.39633119373637,-1.09616358474706,"McCollum (D MN-4)"
"McCotter","Thaddeus","MI","11","R","M","M001147","20332",282,0.65535615311748,0.563066931393091,0.743203211402776,"McCotter (R MI-11)"
"McDermott","Jim","WA","7","D","M","M000404","15616",40,-1.5896384729427,-1.77278582400454,-1.41270337186748,"McDermott (D WA-7)"
"McGovern","Jim","MA","3","D","M","M000312","29729",19,-1.6059226767558,-1.80351935313645,-1.42014317038512,"McGovern (D MA-3)"
"McHenry","Patrick","NC","10","R","M","M001156","20522",62,1.18724421330485,1.06690182205014,1.31529843456418,"McHenry (R NC-10)"
"McIntyre","Mike","NC","7","D","M","M000485","29746",78,-0.188155551423918,-0.26616244149701,-0.123725702544079,"McIntyre (D NC-7)"
"McKeon","Howard","CA","25","R","M","M000508","29315",59,0.684186730403178,0.603165185531588,0.774886371781217,"McKeon (R CA-25)"
"McKinley","David","WV","1","R","M","M001180",NA,26,0.514863794296504,0.430514359243267,0.596419895974055,"McKinley (R WV-1)"
"McMorris Rodgers","Cathy","WA","5","R","F","M001159","20535",31,0.892874607752281,0.793722666980836,0.989053883221091,"McMorris Rodgers (R WA-5)"
"McNerney","Jerry","CA","11","D","M","M001166","20702",20,-0.878032052266655,-0.99784038236006,-0.785062580138126,"McNerney (D CA-11)"
"Meehan","Pat","PA","7","R","M","M001181",NA,24,0.407331200814579,0.328573823409424,0.482174882961149,"Meehan (R PA-7)"
"Meeks","Gregory","NY","6","D","M","M001137","29776",176,-1.12953624788481,-1.26881168014241,-1.00062081536259,"Meeks (D NY-6)"
"Mica","John","FL","7","R","M","M000689","29331",15,0.973531612538317,0.875783292100935,1.07742642622364,"Mica (R FL-7)"
"Michaud","Michael","ME","2","D","M","M001149","20328",16,-0.696437133164312,-0.798698664984985,-0.61223164271027,"Michaud (D ME-2)"
"Miller","George","CA","7","D","M","M000725","14256",80,-1.27476509825982,-1.42436308706748,-1.12999231904913,"Miller (D CA-7)"
"Miller","Brad","NC","13","D","M","M001154","20341",21,-1.1029399245957,-1.23663523161616,-0.974216706470738,"Miller (D NC-13)"
"Miller","Gary","CA","42","R","M","M001139","29905",117,0.985796000105056,0.882345181432017,1.09310790102208,"Miller (R CA-42)"
"Miller","Jeff","FL","1","R","M","M001144","20110",53,1.18269964076892,1.07056177652873,1.31455812113059,"Miller (R FL-1)"
"Miller","Candice","MI","10","R","F","M001150","20331",11,0.736725738651336,0.653105032880854,0.82559297100182,"Miller (R MI-10)"
"Moore","Gwen","WI","4","D","F","M001160","20537",122,-1.36493219868914,-1.53384263127857,-1.22471916327147,"Moore (D WI-4)"
"Moran","James","VA","8","D","M","M000933","15826",58,-1.07028584659934,-1.19363321571153,-0.942875192475104,"Moran (D VA-8)"
"Mulvaney","Mick","SC","5","R","M","M001182",NA,21,1.10209237774084,0.986676915327299,1.20557549867495,"Mulvaney (R SC-5)"
"Murphy","Christopher","CT","5","D","M","M001169","20707",93,-0.865481975529589,-0.971027978890116,-0.760581871060615,"Murphy (D CT-5)"
"Murphy","Tim","PA","18","R","M","M001151","20346",16,0.695864030091984,0.603805582527334,0.781625561141106,"Murphy (R PA-18)"
"Myrick","Sue","NC","9","R","F","M001134","29549",142,0.989690041791271,0.879807756196607,1.08831965551066,"Myrick (R NC-9)"
"Nadler","Jerrold","NY","8","D","M","N000002","29377",97,-1.57992302248847,-1.78054361546219,-1.40314715272786,"Nadler (D NY-8)"
"Napolitano","Grace","CA","38","D","F","N000179","29903",148,-1.55366869491741,-1.75982989654215,-1.38507996068857,"Napolitano (D CA-38)"
"Neal","Richard","MA","2","D","M","N000015","15618",130,-1.35475058875041,-1.52609770321777,-1.19766673142059,"Neal (D MA-2)"
"Neugebauer","Randy","TX","19","R","M","N000182","20353",25,1.32459234846518,1.18989858195985,1.46383867701036,"Neugebauer (R TX-19)"
"Noem","Kristi","SD","1","R","F","N000184",NA,38,0.728366258588249,0.638364150117247,0.819617016410695,"Noem (R SD-1)"
"Nugent","Richard","FL","5","R","M","N000185",NA,16,0.960598769476989,0.854912051723023,1.05717598943267,"Nugent (R FL-5)"
"Nunes","Devin","CA","21","R","M","N000181","20307",32,0.89769688758273,0.802872118192582,0.994801037402769,"Nunes (R CA-21)"
"Nunnelee","Alan","MS","1","R","M","N000186",NA,59,0.938440289939365,0.833635787553275,1.03109631608881,"Nunnelee (R MS-1)"
"Olson","Pete","TX","22","R","M","O000168",NA,25,0.968562839473409,0.868479571069742,1.06676850962268,"Olson (R TX-22)"
"Olver","John","MA","1","D","M","O000085","15844",161,-1.77282539189152,-1.99472371243671,-1.55890933804477,"Olver (D MA-1)"
"Owens","Bill","NY","23","D","M","O000169",NA,47,-0.284657481712868,-0.364568150140831,-0.216865716424646,"Owens (D NY-23)"
"Palazzo","Steven","MS","4","R","M","P000601",NA,22,0.877056059529379,0.782482268934681,0.971259869761785,"Palazzo (R MS-4)"
"Pallone","Frank","NJ","6","D","M","P000034","15619",10,-1.54915458045241,-1.74894894558519,-1.3687273746902,"Pallone (D NJ-6)"
"Pascrell Jr.","Bill","NJ","8","D","M","P000096","29741",129,-1.08978400533289,-1.21430973003564,-0.956418194056922,"Pascrell Jr. (D NJ-8)"
"Pastor","Ed","AZ","4","D","M","P000099","15846",47,-0.948127284137629,-1.06658850623829,-0.847241975015693,"Pastor (D AZ-4)"
"Paul","Ron","TX","14","R","M","P000583","14290",591,0.506005959030295,0.414388124673283,0.580663044466392,"Paul (R TX-14)"
"Paulsen","Erik","MN","3","R","M","P000594",NA,28,0.723523000077712,0.630645340839357,0.811193632284579,"Paulsen (R MN-3)"
"Payne","Donald","NJ","10","D","M","P000149","15622",727,-1.72123317884595,-1.96034041128706,-1.48381232056912,"Payne (D NJ-10)"
"Payne Jr.","Donald","NJ","10","D","M","P000604",NA,1553,-1.30125920295068,-2.14645213731179,-0.473205381698901,"Payne Jr. (D NJ-10)"
"Pearce","Steve","NM","2","R","M","P000588","20337",41,0.884875285984243,0.788963617693565,0.98299160440376,"Pearce (R NM-2)"
"Pelosi","Nancy","CA","8","D","F","P000197","15447",117,-1.31495902952744,-1.47366262829755,-1.17082008313335,"Pelosi (D CA-8)"
"Pence","Mike","IN","6","R","M","P000587","20117",144,1.25249539347567,1.11850759255565,1.38876286757831,"Pence (R IN-6)"
"Perlmutter","Ed","CO","7","D","M","P000593","20705",42,-0.615205785145497,-0.714961861006032,-0.536788050884898,"Perlmutter (D CO-7)"
"Peters","Gary","MI","9","D","M","P000595",NA,57,-0.817600665410451,-0.930088592359679,-0.724375725376362,"Peters (D MI-9)"
"Peterson","Collin","MN","7","D","M","P000258","15830",40,-0.109883706235384,-0.182522780554574,-0.0436591308358391,"Peterson (D MN-7)"
"Petri","Tom","WI","6","R","M","P000265","14675",10,0.74808922517342,0.653572310762701,0.834454020744215,"Petri (R WI-6)"
"Pingree","Chellie","ME","1","D","F","P000597",NA,57,-1.31391322580365,-1.4676493033064,-1.16607923223189,"Pingree (D ME-1)"
"Pitts","Joe","PA","16","R","M","P000373","29752",38,0.932772127651677,0.835612978829921,1.03408436563984,"Pitts (R PA-16)"
"Platts","Todd","PA","19","R","M","P000585","20135",62,0.406393013695583,0.331005558579356,0.483795810222858,"Platts (R PA-19)"
"Poe","Ted","TX","2","R","M","P000592","20528",46,1.01417776260785,0.900005143934861,1.10702988770668,"Poe (R TX-2)"
"Polis","Jared","CO","2","D","M","P000598",NA,138,-0.751624816739944,-0.853340501091766,-0.653964254237031,"Polis (D CO-2)"
"Pompeo","Mike","KS","4","R","M","P000602",NA,11,1.46901893742501,1.30468036608118,1.62549198598632,"Pompeo (R KS-4)"
"Posey","Bill","FL","15","R","M","P000599",NA,14,0.918363527996804,0.81837721733639,1.02227347768188,"Posey (R FL-15)"
"Price","David","NC","4","D","M","P000523","15437",14,-1.25188234708588,-1.40595122463924,-1.12058852918448,"Price (D NC-4)"
"Price","Tom","GA","6","R","M","P000591","20505",13,1.23688578200471,1.11295663599356,1.36393019208227,"Price (R GA-6)"
"Quayle","Ben","AZ","3","R","M","Q000024",NA,71,1.34976107228456,1.21381873653336,1.50488519335454,"Quayle (R AZ-3)"
"Quigley","Mike","IL","5","D","M","Q000023",NA,25,-0.977814172213437,-1.0931813590935,-0.862935869626593,"Quigley (D IL-5)"
"Rahall II","Nick","WV","3","D","M","R000011","14448",25,-0.400613203599191,-0.484268474142294,-0.328418149065764,"Rahall II (D WV-3)"
"Rangel","Charles","NY","15","D","M","R000053","13035",287,-1.3914796838336,-1.56563470210931,-1.2229617348378,"Rangel (D NY-15)"
"Reed","Tom","NY","29","R","M","R000585",NA,24,0.628059249458952,0.546178798402691,0.716745311295986,"Reed (R NY-29)"
"Rehberg","Denny","MT","1","R","M","R000571","20125",11,0.608456510784897,0.526604747800854,0.696063606108367,"Rehberg (R MT-1)"
"Reichert","Dave","WA","8","R","M","R000578","20536",97,0.315976627263218,0.239352066361128,0.386474396805198,"Reichert (R WA-8)"
"Renacci","Jim","OH","16","R","M","R000586",NA,21,0.712801038203571,0.623267861115233,0.798401837544133,"Renacci (R OH-16)"
"Reyes","Silvestre","TX","16","D","M","R000170","29764",126,-0.803845007636942,-0.911729670904543,-0.707270045523827,"Reyes (D TX-16)"
"Ribble","Reid","WI","8","R","M","R000587",NA,32,0.987097527957147,0.889397355083707,1.09301240524149,"Ribble (R WI-8)"
"Richardson","Laura","CA","37","D","F","R000581","20572",45,-0.840686807917085,-0.959329477660814,-0.752744350386071,"Richardson (D CA-37)"
"Richmond","Cedric","LA","2","D","M","R000588",NA,69,-0.911440705882034,-1.02185412823385,-0.801104264217312,"Richmond (D LA-2)"
"Rigell","Scott","VA","2","R","M","R000589",NA,13,0.757523002883278,0.671484319555303,0.843020655493247,"Rigell (R VA-2)"
"Rivera","David","FL","25","R","M","R000590",NA,35,0.569966448857585,0.486782354624602,0.651725150155978,"Rivera (R FL-25)"
"Roby","Martha","AL","2","R","F","R000591",NA,17,0.736757909337979,0.63986786287115,0.822097160133705,"Roby (R AL-2)"
"Roe","Phil","TN","1","R","M","R000582",NA,12,0.887212233355203,0.79123130313532,0.987772314890812,"Roe (R TN-1)"
"Rogers","Mike","AL","3","R","M","R000575","20301",17,0.637661904047117,0.548658989886395,0.724282843161734,"Rogers (R AL-3)"
"Rogers","Harold","KY","5","R","M","R000395","14854",20,0.633970130659908,0.543783302860887,0.71816891048749,"Rogers (R KY-5)"
"Rogers","Mike","MI","8","R","M","R000572","20120",23,0.837268941748188,0.736501351081714,0.922042860648674,"Rogers (R MI-8)"
"Rohrabacher","Dana","CA","46","R","M","R000409","15624",76,0.916031669413324,0.814759412878257,1.00785817683279,"Rohrabacher (R CA-46)"
"Rokita","Todd","IN","4","R","M","R000592",NA,88,1.15587798491119,1.03610555976706,1.28172135775873,"Rokita (R IN-4)"
"Rooney","Tom","FL","16","R","M","R000583",NA,21,0.9852361715378,0.870090776642658,1.08163541824567,"Rooney (R FL-16)"
"Ros-Lehtinen","Ileana","FL","18","R","F","R000435","15637",33,0.461564259565423,0.382590145731835,0.539666709658691,"Ros-Lehtinen (R FL-18)"
"Roskam","Peter","IL","6","R","M","R000580","20715",33,0.792641217001417,0.693001733949144,0.87664966671905,"Roskam (R IL-6)"
"Ross","Mike","AR","4","D","M","R000573","20102",65,-0.0783703646999442,-0.156510588073231,-0.0152410788626802,"Ross (D AR-4)"
"Ross","Dennis","FL","12","R","M","R000593",NA,27,1.14659186999486,1.03140155936665,1.25708765683518,"Ross (R FL-12)"
"Rothman","Steven","NJ","9","D","M","R000462","29742",97,-1.07283900999294,-1.20768670701073,-0.960908500421048,"Rothman (D NJ-9)"
"Roybal-Allard","Lucille","CA","34","D","F","R000486","29317",55,-1.46416054292397,-1.63748202293104,-1.29678466394449,"Roybal-Allard (D CA-34)"
"Royce","Ed","CA","40","R","M","R000487","29321",19,1.06976576923374,0.959733305359109,1.18170924779047,"Royce (R CA-40)"
"Runyan","Jon","NJ","3","R","M","R000594",NA,21,0.479092520371985,0.394711118950066,0.55564213670319,"Runyan (R NJ-3)"
"Ruppersberger","C.A. Dutch","MD","2","D","M","R000576","20329",80,-0.776014848232551,-0.883498477244371,-0.685283157851906,"Ruppersberger (D MD-2)"
"Rush","Bobby","IL","1","D","M","R000515","29346",191,-1.30887255565577,-1.46372220889054,-1.15311541460848,"Rush (D IL-1)"
"Ryan","Tim","OH","17","D","M","R000577","20343",35,-0.886572028563152,-0.996808213846606,-0.779925141139056,"Ryan (D OH-17)"
"Ryan","Paul","WI","1","R","M","R000570","29939",55,0.994989337804107,0.880725615082526,1.09274934157572,"Ryan (R WI-1)"
"Sanchez","Linda","CA","39","D","F","S001156","20310",120,-1.45730793445815,-1.63724913394888,-1.29054359469339,"Sanchez (D CA-39)"
"Sanchez","Loretta","CA","47","D","F","S000030","29709",159,-1.05239132321567,-1.18580392055578,-0.935533726817849,"Sanchez (D CA-47)"
"Sarbanes","John","MD","3","D","M","S001168","20724",13,-1.41294973247161,-1.58338254296563,-1.25178502414549,"Sarbanes (D MD-3)"
"Scalise","Steve","LA","1","R","M","S001176",NA,24,1.17326821502505,1.0525783836575,1.28981614896155,"Scalise (R LA-1)"
"Schakowsky","Jan","IL","9","D","F","S001145","29911",30,-1.6838706832067,-1.88357974783569,-1.46284605105995,"Schakowsky (D IL-9)"
"Schiff","Adam","CA","29","D","M","S001150","20104",11,-1.01764097661785,-1.13797911919664,-0.906982782272751,"Schiff (D CA-29)"
"Schilling","Bobby","IL","17","R","M","S001182",NA,40,0.6514405813148,0.558763039860378,0.734123080896827,"Schilling (R IL-17)"
"Schmidt","Jean","OH","2","R","F","S001164","20540",70,0.850714998698162,0.750583052656018,0.935080122901163,"Schmidt (R OH-2)"
"Schock","Aaron","IL","18","R","M","S001179",NA,87,0.586376827006987,0.500648754771337,0.66596153124338,"Schock (R IL-18)"
"Schrader","Kurt","OR","5","D","M","S001180",NA,69,-0.447277048456872,-0.529483354481273,-0.36616881080473,"Schrader (D OR-5)"
"Schwartz","Allyson","PA","13","D","F","S001162","20525",64,-1.0004192844034,-1.1197671576456,-0.886063365157671,"Schwartz (D PA-13)"
"Schweikert","David","AZ","5","R","M","S001183",NA,16,1.1236018256324,1.01428297324492,1.24588442684223,"Schweikert (R AZ-5)"
"Scott","David","GA","13","D","M","S001157","20321",33,-0.869219001715381,-0.981787890514005,-0.768773692422133,"Scott (D GA-13)"
"Scott","Robert","VA","3","D","M","S000185","39307",22,-1.06299290541971,-1.18367721922624,-0.939288535276216,"Scott (D VA-3)"
"Scott","Austin","GA","8","R","M","S001189",NA,24,1.14414485131761,1.02901855310027,1.26030627661378,"Scott (R GA-8)"
"Scott","Tim","SC","1","R","M","S001184",NA,14,1.34765191949957,1.20707016328031,1.49433148652948,"Scott (R SC-1)"
"Sensenbrenner","F.","WI","5","R","M","S000244","14657",15,0.970851738007601,0.871583188663561,1.07118030822295,"Sensenbrenner (R WI-5)"
"Serrano","José","NY","16","D","M","S000248","15643",38,-1.52666167542313,-1.70936121897826,-1.35845545531902,"Serrano (D NY-16)"
"Sessions","Pete","TX","32","R","M","S000250","29759",36,1.25047008568398,1.13221570799822,1.39041878488239,"Sessions (R TX-32)"
"Sewell","Terri","AL","7","D","F","S001185",NA,55,-0.759107645413908,-0.863931955953531,-0.672957959669841,"Sewell (D AL-7)"
"Sherman","Brad","CA","27","D","M","S000344","29707",18,-1.05485561787873,-1.18025536346867,-0.935759140113139,"Sherman (D CA-27)"
"Shimkus","John","IL","19","R","M","S000364","29718",56,0.626036910095634,0.539105401544935,0.711396247040804,"Shimkus (R IL-19)"
"Shuler","Heath","NC","11","D","M","S001171","20737",214,-0.136581219519414,-0.209624909767883,-0.0707502870961175,"Shuler (D NC-11)"
"Shuster","Bill","PA","9","R","M","S001154","14052",36,0.675699854108552,0.585930859962921,0.764733797702624,"Shuster (R PA-9)"
"Simpson","Mike","ID","2","R","M","S001148","29910",35,0.571171918290722,0.477769930807531,0.645122113869524,"Simpson (R ID-2)"
"Sires","Albio","NJ","13","D","M","S001165","20542",73,-1.02900006073106,-1.14970111592522,-0.915173535938274,"Sires (D NJ-13)"
"Slaughter","Louise","NY","28","D","F","S000480","15443",335,-1.42944746590351,-1.61940449532354,-1.25706124340567,"Slaughter (D NY-28)"
"Smith","Adam","WA","9","D","M","S000510","29768",79,-0.778572581095201,-0.890439381617724,-0.690285108354557,"Smith (D WA-9)"
"Smith","Adrian","NE","3","R","M","S001172","20729",16,0.946035787512171,0.84661194842471,1.05026757162632,"Smith (R NE-3)"
"Smith","Christopher","NJ","4","R","M","S000522","14863",31,0.334783584829179,0.256846190750612,0.399491728036579,"Smith (R NJ-4)"
"Smith","Lamar","TX","21","R","M","S000583","15444",28,0.804927484195292,0.716613311772166,0.900353850438449,"Smith (R TX-21)"
"Southerland","Steve","FL","2","R","M","S001186",NA,9,1.10479043343525,0.992851097766626,1.21124862334118,"Southerland (R FL-2)"
"Speier","Jackie","CA","12","D","F","S001175",NA,185,-1.03158878809472,-1.16494195207598,-0.914083328440641,"Speier (D CA-12)"
"Stark","Pete","CA","13","D","M","S000810","14053",111,-1.5676843626029,-1.75726410965002,-1.39005116856459,"Stark (D CA-13)"
"Stearns","Cliff","FL","6","R","M","S000822","15630",19,1.05244027105894,0.940965776404591,1.15513718090861,"Stearns (R FL-6)"
"Stivers","Steve","OH","15","R","M","S001187",NA,188,0.55850439994415,0.470600122282009,0.644883732917247,"Stivers (R OH-15)"
"Stutzman","Marlin","IN","3","R","M","S001188",NA,47,1.38911317363264,1.24485778640069,1.54339418585749,"Stutzman (R IN-3)"
"Sullivan","John","OK","1","R","M","S001155","20131",133,0.90812764277268,0.805840196418329,1.00138407589685,"Sullivan (R OK-1)"
"Sutton","Betty","OH","13","D","F","S001174","20740",59,-1.00904871554958,-1.14690606965858,-0.902695350763116,"Sutton (D OH-13)"
"Terry","Lee","NE","2","R","M","T000459","29921",22,0.699541197760037,0.618482881040064,0.793345989008671,"Terry (R NE-2)"
"Thompson","Mike","CA","1","D","M","T000460","29901",14,-1.0163898123342,-1.13629733581974,-0.899849104586598,"Thompson (D CA-1)"
"Thompson","Bennie","MS","2","D","M","T000193","29368",69,-0.927777636536457,-1.03914818688085,-0.8211173886031,"Thompson (D MS-2)"
"Thompson","Glenn","PA","5","R","M","T000467",NA,11,0.600988212891041,0.516578391371533,0.68820681968552,"Thompson (R PA-5)"
"Thornberry","William","TX","13","R","M","T000238","29572",11,1.03834423695409,0.935846178876645,1.15092597279545,"Thornberry (R TX-13)"
"Tiberi","Pat","OH","12","R","M","T000462","20130",43,0.614590676149453,0.531563248742322,0.704136469140316,"Tiberi (R OH-12)"
"Tierney","John","MA","6","D","M","T000266","29730",54,-1.37107407568173,-1.54339845151493,-1.21369310910233,"Tierney (D MA-6)"
"Tipton","Scott","CO","3","R","M","T000470",NA,10,0.716170821711511,0.623982699401541,0.800463903132918,"Tipton (R CO-3)"
"Tonko","Paul","NY","21","D","M","T000469",NA,14,-1.30018094091359,-1.45442818682723,-1.14997626516111,"Tonko (D NY-21)"
"Towns","Edolphus","NY","10","D","M","T000326","15072",182,-1.40890126371214,-1.5749117455578,-1.23567225715728,"Towns (D NY-10)"
"Tsongas","Niki","MA","5","D","F","T000465","20754",71,-1.11624528550388,-1.2463962273914,-0.984385767714993,"Tsongas (D MA-5)"
"Turner","Bob","NY","9","R","M","T000471",NA,732,0.608506787131772,0.506148042654251,0.711402013480329,"Turner (R NY-9)"
"Turner","Michael","OH","3","R","M","T000463","20342",20,0.523449245009616,0.445786636994298,0.603630556747493,"Turner (R OH-3)"
"Upton","Fred","MI","6","R","M","U000031","15445",5,0.679354442948134,0.588742628766454,0.763638932720502,"Upton (R MI-6)"
"Van Hollen","Chris","MD","8","D","M","V000128","20330",35,-1.18236451916062,-1.32151903224443,-1.04682421955574,"Van Hollen (D MD-8)"
"Velázquez","Nydia","NY","12","D","F","V000081","29378",94,-1.61148118694053,-1.82397692748739,-1.42233518112323,"Velázquez (D NY-12)"
"Visclosky","Peter","IN","1","D","M","V000108","15240",59,-0.79289965200414,-0.899808319436194,-0.697672812423864,"Visclosky (D IN-1)"
"Walberg","Tim","MI","7","R","M","W000798","20725",25,1.0556553593597,0.954026241830044,1.16503387899803,"Walberg (R MI-7)"
"Walden","Greg","OR","2","R","M","W000791","29932",16,0.654065822676931,0.567280850805711,0.740542452864553,"Walden (R OR-2)"
"Walsh","Joe","IL","8","R","M","W000811",NA,58,1.00781040567621,0.905367664162599,1.10869994632359,"Walsh (R IL-8)"
"Walz","Tim","MN","1","D","M","W000799","20726",31,-0.652665456893419,-0.752463177937249,-0.572117158908474,"Walz (D MN-1)"
"Wasserman Schultz","Debbie","FL","20","D","F","W000797","20504",109,-1.13565245995405,-1.2723640843234,-1.00213291864908,"Wasserman Schultz (D FL-20)"
"Waters","Maxine","CA","35","D","F","W000187","15840",133,-1.29192218949828,-1.45500192411125,-1.14844472712674,"Waters (D CA-35)"
"Watt","Melvin","NC","12","D","M","W000207","29383",61,-1.22666858609591,-1.38040866131292,-1.09325340330953,"Watt (D NC-12)"
"Waxman","Henry","CA","30","D","M","W000215","14280",48,-1.32645322247674,-1.48073770634634,-1.17771999713109,"Waxman (D CA-30)"
"Webster","Daniel","FL","8","R","M","W000806",NA,27,0.848917871960183,0.750445394088969,0.938780079134537,"Webster (R FL-8)"
"Weiner","Anthony","NY","9","D","M","W000792","29926",1206,-1.18487903155448,-1.40406911571572,-1.0025790150895,"Weiner (D NY-9)"
"Welch","Peter","VT","1","D","M","W000800","20750",43,-1.05851337832168,-1.19148736287032,-0.944261442144578,"Welch (D VT-1)"
"West","Allen","FL","22","R","M","W000807",NA,10,0.819150805384058,0.724591820454904,0.910888861285699,"West (R FL-22)"
"Westmoreland","Lynn","GA","3","R","M","W000796","20506",27,1.25273435917736,1.12513798389671,1.38207750875468,"Westmoreland (R GA-3)"
"Whitfield","Edward","KY","1","R","M","W000413","29525",56,0.629595770059684,0.545700597328029,0.716548933689795,"Whitfield (R KY-1)"
"Wilson","Frederica","FL","17","D","F","W000808",NA,141,-1.31601045785571,-1.47838502819495,-1.16179314245286,"Wilson (D FL-17)"
"Wilson","Joe","SC","2","R","M","W000795","20138",32,1.25256272066101,1.12534388262106,1.39177842401501,"Wilson (R SC-2)"
"Wittman","Robert","VA","1","R","M","W000804","99997",31,0.678438063221789,0.588272042679654,0.764957431042894,"Wittman (R VA-1)"
"Wolf","Frank","VA","10","R","M","W000672","14869",14,0.471522681431217,0.393969194131942,0.549453600989234,"Wolf (R VA-10)"
"Womack","Steve","AR","3","R","M","W000809",NA,5,0.673306813127063,0.589554306388145,0.764534883309261,"Womack (R AR-3)"
"Woodall","Rob","GA","7","R","M","W000810",NA,20,1.09631746455276,0.98051946771757,1.20210208466708,"Woodall (R GA-7)"
"Woolsey","Lynn","CA","6","D","F","W000738","29309",67,-1.6114045454609,-1.79566911879783,-1.4183497418822,"Woolsey (D CA-6)"
"Wu","David","OR","1","D","M","W000793","29931",932,-1.0113256027919,-1.16758359327942,-0.883120759227065,"Wu (D OR-1)"
"Yarmuth","John","KY","3","D","M","Y000062","20723",69,-1.25062657923827,-1.39608538487882,-1.10767300861793,"Yarmuth (D KY-3)"
"Yoder","Kevin","KS","3","R","M","Y000063",NA,10,1.094273980545,0.99207612842874,1.20384167673441,"Yoder (R KS-3)"
"Young","Don","AK","1","R","M","Y000033","14066",183,0.582131351725413,0.495388128881205,0.668376936805864,"Young (R AK-1)"
"Young","C. W. Bill","FL","10","R","M","Y000031","13047",159,0.560840504094943,0.478593075999567,0.641066105161745,"Young (R FL-10)"
"Young","Todd","IN","9","R","M","Y000064",NA,15,1.04846623311871,0.944449269657412,1.1548439201758,"Young (R IN-9)"
