"Country","Year","Month","Glm.simple","Lmer","Insurgency","SAE"
"AUSTRALIA",2009,1,0.108196182198212,0.0410833394185647,0,1.24525739703235e-06
"AUSTRALIA",2009,10,0.108196182198212,0.0579461986825182,0,1.24525739703235e-06
"AUSTRALIA",2009,11,0.108196182198212,0.0580663013988248,0,1.24525739703235e-06
"AUSTRALIA",2009,12,0.108196182198212,0.0457114686654786,0,1.24525739703235e-06
"AUSTRALIA",2009,2,0.108196182198212,0.0409968349111503,0,1.24525739703235e-06
"AUSTRALIA",2009,3,0.108196182198212,0.0420330005897392,0,1.77225438559765e-06
"AUSTRALIA",2009,4,0.108196182198212,0.0396252299185735,0,1.72713298375025e-06
"AUSTRALIA",2009,5,0.108196182198212,0.0445375340113347,0,1.24525739703235e-06
"AUSTRALIA",2009,6,0.108196182198212,0.0526550686294112,0,1.24525739703235e-06
"AUSTRALIA",2009,7,0.108196182198212,0.0554755676709166,0,1.24525739703235e-06
"AUSTRALIA",2009,8,0.108196182198212,0.054203916291309,0,1.24525739703235e-06
"AUSTRALIA",2009,9,0.108196182198212,0.0529597801972236,0,1.24525739703235e-06
"AUSTRALIA",2010,1,0.108196182198212,0.066893094842753,0,1.362253873612e-06
"AUSTRALIA",2010,10,0.108196182198212,0.048895147559348,0,1.362253873612e-06
"AUSTRALIA",2010,11,0.108196182198212,0.0481763904227742,0,1.362253873612e-06
"AUSTRALIA",2010,12,0.108196182198212,0.0474903781696312,0,1.362253873612e-06
"AUSTRALIA",2010,2,0.108196182198212,0.0495467710086481,0,1.362253873612e-06
"AUSTRALIA",2010,3,0.108196182198212,0.0646076205982769,0,1.362253873612e-06
"AUSTRALIA",2010,4,0.108196182198212,0.05161086925752,0,1.362253873612e-06
"AUSTRALIA",2010,5,0.108196182198212,0.0497631675726548,0,1.362253873612e-06
"AUSTRALIA",2010,6,0.108196182198212,0.0518017999996475,0,1.362253873612e-06
"AUSTRALIA",2010,7,0.108196182198212,0.049317146646234,0,1.362253873612e-06
"AUSTRALIA",2010,8,0.108196182198212,0.054005787736727,0,1.362253873612e-06
"AUSTRALIA",2010,9,0.108196182198212,0.0515251983490698,0,1.18662388420406e-06
"BANGLADESH",2009,1,0.113336240209026,0.194731651046199,1,0.200978444890872
"BANGLADESH",2009,10,0.113336240209026,0.222840068034888,1,0.197641823975756
"BANGLADESH",2009,11,0.113336240209026,0.217869928710878,1,0.141273966250325
"BANGLADESH",2009,12,0.113336240209026,0.213064433265846,1,0.200978444890872
"BANGLADESH",2009,2,0.113336240209026,0.239682449532787,0,0.236770788332414
"BANGLADESH",2009,3,0.113336240209026,0.211566124453968,0,0.178334094466853
"BANGLADESH",2009,4,0.113336240209026,0.222548450712571,1,0.163630107660993
"BANGLADESH",2009,5,0.113336240209026,0.213150518592672,1,0.187975774346342
"BANGLADESH",2009,6,0.113336240209026,0.221875445950913,1,0.31654863096797
"BANGLADESH",2009,7,0.113336240209026,0.210269976791764,1,0.153512779400005
"BANGLADESH",2009,8,0.113336240209026,0.207697043782359,1,0.200978444890872
"BANGLADESH",2009,9,0.113336240209026,0.20733557346306,1,0.187994374527727
"BANGLADESH",2010,1,0.113336240209026,0.255754514100765,1,0.675453556404129
"BANGLADESH",2010,10,0.113336240209026,0.149328090060848,0,0.238151340686071
"BANGLADESH",2010,11,0.113336240209026,0.147361715372523,0,0.202588844247455
"BANGLADESH",2010,12,0.113336240209026,0.145479212949431,0,0.187277479583478
"BANGLADESH",2010,2,0.113336240209026,0.201365739236744,1,0.667968866284411
"BANGLADESH",2010,3,0.113336240209026,0.188670680621053,1,0.202588844247455
"BANGLADESH",2010,4,0.113336240209026,0.196643992793451,1,0.46208983258457
"BANGLADESH",2010,5,0.113336240209026,0.194275371843046,1,0.154816538416221
"BANGLADESH",2010,6,0.113336240209026,0.198144721223845,1,0.192510666466171
"BANGLADESH",2010,7,0.113336240209026,0.191587802081869,1,0.157709113120144
"BANGLADESH",2010,8,0.113336240209026,0.179149131974443,1,0.607399903324828
"BANGLADESH",2010,9,0.113336240209026,0.1582439669547,0,0.154816538416221
"BHUTAN",2009,1,0.0947421649379927,0.0415038250645056,0,0.0423071731044046
"BHUTAN",2009,10,0.0947421649379927,0.0383025998322621,0,0.0423071731044046
"BHUTAN",2009,11,0.0947421649379927,0.0377333752961813,0,0.0423071731044046
"BHUTAN",2009,12,0.0947421649379927,0.0357807562751714,0,0.0423071731044046
"BHUTAN",2009,2,0.0947421649379927,0.0424909116119546,0,0.0423071731044046
"BHUTAN",2009,3,0.0947421649379927,0.0403412688062259,0,0.0423071731044046
"BHUTAN",2009,4,0.0947421649379927,0.0397429991570429,0,0.0423071731044046
"BHUTAN",2009,5,0.0947421649379927,0.0407095886269392,0,0.0423071731044046
"BHUTAN",2009,6,0.0947421649379927,0.0390894884294386,0,0.0423071731044046
"BHUTAN",2009,7,0.0947421649379927,0.0380355367025089,0,0.0423071731044046
"BHUTAN",2009,8,0.0947421649379927,0.038446293410561,0,0.0423071731044046
"BHUTAN",2009,9,0.0947421649379927,0.0373909331889469,0,0.0423071731044046
"BHUTAN",2010,1,0.0947421649379927,0.0347959179009322,0,0.0423216558367149
"BHUTAN",2010,10,0.0947421649379927,0.0386837515927903,0,0.0423216558367149
"BHUTAN",2010,11,0.0947421649379927,0.0392667279363015,0,0.0423216558367149
"BHUTAN",2010,12,0.0947421649379927,0.0398389157250186,0,0.0423216558367149
"BHUTAN",2010,2,0.0947421649379927,0.0344101578086997,0,0.0423216558367149
"BHUTAN",2010,3,0.0947421649379927,0.0353331024407661,0,0.0423216558367149
"BHUTAN",2010,4,0.0947421649379927,0.0418464869266753,0,0.0423216558367149
"BHUTAN",2010,5,0.0947421649379927,0.0373411674982228,0,0.0423216558367149
"BHUTAN",2010,6,0.0947421649379927,0.0404186534077905,0,0.0423216558367149
"BHUTAN",2010,7,0.0947421649379927,0.0384578436257833,0,0.0423216558367149
"BHUTAN",2010,8,0.0947421649379927,0.0375607721541364,0,0.0423216558367149
"BHUTAN",2010,9,0.0947421649379927,0.038620733757771,0,0.0423216558367149
"CAMBODIA",2009,1,0.105899992957671,0.157743360029702,0,0.0214013165482931
"CAMBODIA",2009,10,0.105899992957671,0.146951042631018,0,0.0179455367226525
"CAMBODIA",2009,11,0.105899992957671,0.141727561199842,0,0.0179455367226525
"CAMBODIA",2009,12,0.105899992957671,0.141521391929852,0,0.0179455367226525
"CAMBODIA",2009,2,0.105899992957671,0.155686452439156,0,0.0231235490233975
"CAMBODIA",2009,3,0.105899992957671,0.155595542186137,0,0.0179455367226525
"CAMBODIA",2009,4,0.105899992957671,0.151832186777836,0,0.0179455367226525
"CAMBODIA",2009,5,0.105899992957671,0.149902615745589,0,0.0179455367226525
"CAMBODIA",2009,6,0.105899992957671,0.158326794821733,0,0.0179455367226525
"CAMBODIA",2009,7,0.105899992957671,0.147716352234156,0,0.0179455367226525
"CAMBODIA",2009,8,0.105899992957671,0.147439844957006,0,0.0179455367226525
"CAMBODIA",2009,9,0.105899992957671,0.142201885049187,0,0.0179455367226525
"CAMBODIA",2010,1,0.105899992957671,0.135185811523303,0,0.017996254746901
"CAMBODIA",2010,10,0.105899992957671,0.152026261185583,0,0.017996254746901
"CAMBODIA",2010,11,0.105899992957671,0.154043633668646,0,0.017996254746901
"CAMBODIA",2010,12,0.105899992957671,0.156016725807755,0,0.017996254746901
"CAMBODIA",2010,2,0.105899992957671,0.137015821514544,0,0.017996254746901
"CAMBODIA",2010,3,0.105899992957671,0.138686603905043,0,0.017996254746901
"CAMBODIA",2010,4,0.105899992957671,0.140556301888643,0,0.022102653019268
"CAMBODIA",2010,5,0.105899992957671,0.14735290974726,0,0.017996254746901
"CAMBODIA",2010,6,0.105899992957671,0.145955220840599,0,0.017996254746901
"CAMBODIA",2010,7,0.105899992957671,0.147842817131548,0,0.017996254746901
"CAMBODIA",2010,8,0.105899992957671,0.149814483580406,0,0.017996254746901
"CAMBODIA",2010,9,0.105899992957671,0.160614923095609,0,0.017996254746901
"CHINA",2009,1,0.204860228779297,0.141131763077839,0,0.00114786962828701
"CHINA",2009,10,0.204860228779297,0.307166891843441,0,0.00114786962828701
"CHINA",2009,11,0.204860228779297,0.299160351584589,0,0.00114786962828701
"CHINA",2009,12,0.204860228779297,0.227256949020789,0,0.00114786962828701
"CHINA",2009,2,0.204860228779297,0.160206538467301,0,0.00114786962828701
"CHINA",2009,3,0.204860228779297,0.197493071135012,0,0.00134583965917052
"CHINA",2009,4,0.204860228779297,0.173612656414271,0,0.00114786962828701
"CHINA",2009,5,0.204860228779297,0.170049858007681,0,0.00114786962828701
"CHINA",2009,6,0.204860228779297,0.19009222941525,0,0.00114786962828701
"CHINA",2009,7,0.204860228779297,0.188301958076501,0,0.00114786962828701
"CHINA",2009,8,0.204860228779297,0.207742832450364,0,0.00114786962828701
"CHINA",2009,9,0.204860228779297,0.214790467338193,0,0.00217465013345596
"CHINA",2010,1,0.204860228779297,0.209391166317913,0,0.000433949705531814
"CHINA",2010,10,0.204860228779297,0.17852318256052,0,0.000433949705531814
"CHINA",2010,11,0.204860228779297,0.17625201633761,0,0.000433949705531814
"CHINA",2010,12,0.204860228779297,0.174075797674925,0,0.000433949705531814
"CHINA",2010,2,0.204860228779297,0.196770854145226,0,0.000433949705531814
"CHINA",2010,3,0.204860228779297,0.281288110521256,0,0.000433949705531814
"CHINA",2010,4,0.204860228779297,0.230904139136363,0,0.000433949705531814
"CHINA",2010,5,0.204860228779297,0.2408452430313,0,0.000433949705531814
"CHINA",2010,6,0.204860228779297,0.319031816876835,0,0.000433949705531814
"CHINA",2010,7,0.204860228779297,0.272146512484633,0,0.000433949705531814
"CHINA",2010,8,0.204860228779297,0.288770638945626,0,0.000433949705531814
"CHINA",2010,9,0.204860228779297,0.227943479008728,0,0.000323863057668315
"COMOROS",2009,1,0.11123823732068,0.0672726912367807,0,0.1300421531175
"COMOROS",2009,10,0.11123823732068,0.069511801566221,0,0.1300421531175
"COMOROS",2009,11,0.11123823732068,0.0705252826337318,0,0.1300421531175
"COMOROS",2009,12,0.11123823732068,0.0710536970426165,0,0.1300421531175
"COMOROS",2009,2,0.11123823732068,0.0682559208681804,0,0.1300421531175
"COMOROS",2009,3,0.11123823732068,0.0691554297759206,0,0.1300421531175
"COMOROS",2009,4,0.11123823732068,0.0701641067479553,0,0.1300421531175
"COMOROS",2009,5,0.11123823732068,0.0711531809416076,0,0.1300421531175
"COMOROS",2009,6,0.11123823732068,0.0702624393195337,0,0.1300421531175
"COMOROS",2009,7,0.11123823732068,0.0692848234051791,0,0.1300421531175
"COMOROS",2009,8,0.11123823732068,0.0682878586509659,0,0.1300421531175
"COMOROS",2009,9,0.11123823732068,0.0685438598707883,0,0.1300421531175
"COMOROS",2010,1,0.11123823732068,0.0707560156179057,0,0.130050832453643
"COMOROS",2010,10,0.11123823732068,0.0622571809914565,0,0.130050832453643
"COMOROS",2010,11,0.11123823732068,0.0613546733041232,0,0.130050832453643
"COMOROS",2010,12,0.11123823732068,0.0604929339189642,0,0.130050832453643
"COMOROS",2010,2,0.11123823732068,0.0697394675937241,0,0.130050832453643
"COMOROS",2010,3,0.11123823732068,0.0688329238153232,0,0.130050832453643
"COMOROS",2010,4,0.11123823732068,0.0678419876242922,0,0.130050832453643
"COMOROS",2010,5,0.11123823732068,0.0668956261934685,0,0.130050832453643
"COMOROS",2010,6,0.11123823732068,0.0659306051104493,0,0.130050832453643
"COMOROS",2010,7,0.11123823732068,0.065009047024437,0,0.130050832453643
"COMOROS",2010,8,0.11123823732068,0.0640693726257541,0,0.130050832453643
"COMOROS",2010,9,0.11123823732068,0.0631423635028387,0,0.130050832453643
"FIJI",2009,1,0.10984703600051,0.0827783784628121,0,0.000604584254145835
"FIJI",2009,10,0.10984703600051,0.0937983865775081,0,0.000604584254145835
"FIJI",2009,11,0.10984703600051,0.0951297639942673,0,0.000604584254145835
"FIJI",2009,12,0.10984703600051,0.0964342695776483,0,0.000604584254145835
"FIJI",2009,2,0.10984703600051,0.0839678311035991,0,0.000604584254145835
"FIJI",2009,3,0.10984703600051,0.0861014778528724,0,0.000604584254145835
"FIJI",2009,4,0.10984703600051,0.0862745925144823,0,0.000783020724066173
"FIJI",2009,5,0.10984703600051,0.0874694060183417,0,0.000604584254145835
"FIJI",2009,6,0.10984703600051,0.0887197446582344,0,0.000604584254145835
"FIJI",2009,7,0.10984703600051,0.0910452149208973,0,0.000611606483124665
"FIJI",2009,8,0.10984703600051,0.0923414958186672,0,0.000604584254145835
"FIJI",2009,9,0.10984703600051,0.0925258863835187,0,0.000604584254145835
"FIJI",2010,1,0.10984703600051,0.0977990230348079,0,0.00060486136397208
"FIJI",2010,10,0.10984703600051,0.110577607388346,0,0.00060486136397208
"FIJI",2010,11,0.10984703600051,0.112117683235816,0,0.00060486136397208
"FIJI",2010,12,0.10984703600051,0.113625890225421,0,0.00060486136397208
"FIJI",2010,2,0.10984703600051,0.099180970657105,0,0.00060486136397208
"FIJI",2010,3,0.10984703600051,0.100444090284911,0,0.00060486136397208
"FIJI",2010,4,0.10984703600051,0.101859194201229,0,0.00060486136397208
"FIJI",2010,5,0.10984703600051,0.103245450704779,0,0.00060486136397208
"FIJI",2010,6,0.10984703600051,0.104695428132285,0,0.00060486136397208
"FIJI",2010,7,0.10984703600051,0.106115723880579,0,0.00060486136397208
"FIJI",2010,8,0.10984703600051,0.107601174590685,0,0.00060486136397208
"FIJI",2010,9,0.10984703600051,0.109104881192222,0,0.000627300688351708
"INDIA",2009,1,0.191656367445311,0.275828700655369,0,0.231480523585314
"INDIA",2009,10,0.191656367445311,0.261636406948567,1,0.35785138421371
"INDIA",2009,11,0.191656367445311,0.266403783581802,1,0.470250247695785
"INDIA",2009,12,0.191656367445311,0.268690803150873,1,0.693160786287099
"INDIA",2009,2,0.191656367445311,0.226114958853592,1,0.116936289875521
"INDIA",2009,3,0.191656367445311,0.230949948052083,1,0.202787368348986
"INDIA",2009,4,0.191656367445311,0.287676787656919,1,0.0837694480640313
"INDIA",2009,5,0.191656367445311,0.248301112268774,1,0.0857973509964117
"INDIA",2009,6,0.191656367445311,0.289867474669753,1,0.23844864817778
"INDIA",2009,7,0.191656367445311,0.300638815060718,1,0.0899640275750522
"INDIA",2009,8,0.191656367445311,0.262389347896681,1,0.167702926705839
"INDIA",2009,9,0.191656367445311,0.256828622204334,1,0.238516770527929
"INDIA",2010,1,0.191656367445311,0.338651195712114,1,0.398295753279893
"INDIA",2010,10,0.191656367445311,0.188262921948909,1,0.917472876486467
"INDIA",2010,11,0.191656367445311,0.185895886949869,1,0.339610705186362
"INDIA",2010,12,0.191656367445311,0.184910116663067,1,0.525772884214324
"INDIA",2010,2,0.191656367445311,0.262618290119852,1,0.140216086055502
"INDIA",2010,3,0.191656367445311,0.24975332722847,1,0.791081837870361
"INDIA",2010,4,0.191656367445311,0.241911935347283,1,0.637535771285557
"INDIA",2010,5,0.191656367445311,0.227212097828195,1,0.714520755323517
"INDIA",2010,6,0.191656367445311,0.269120706536648,1,0.268583045062051
"INDIA",2010,7,0.191656367445311,0.243340954439263,1,0.453609368039998
"INDIA",2010,8,0.191656367445311,0.252904471794933,1,0.73261011019094
"INDIA",2010,9,0.191656367445311,0.190575577061798,1,0.103163617085037
"INDONESIA",2009,1,0.117647412666151,0.159674429572593,0,0.582759073477165
"INDONESIA",2009,10,0.117647412666151,0.155130343544243,1,0.563579806236835
"INDONESIA",2009,11,0.117647412666151,0.158373295135778,1,0.582759073477165
"INDONESIA",2009,12,0.117647412666151,0.154620669142975,0,0.582759073477165
"INDONESIA",2009,2,0.117647412666151,0.161773930407735,0,0.582759073477165
"INDONESIA",2009,3,0.117647412666151,0.165527394185802,0,0.582759073477165
"INDONESIA",2009,4,0.117647412666151,0.164999460310895,0,0.582759073477165
"INDONESIA",2009,5,0.117647412666151,0.162934697794236,0,0.582759073477165
"INDONESIA",2009,6,0.117647412666151,0.16752193776148,1,0.582759073477165
"INDONESIA",2009,7,0.117647412666151,0.172426584373028,1,0.911942691549205
"INDONESIA",2009,8,0.117647412666151,0.160984208948615,1,0.582759073477165
"INDONESIA",2009,9,0.117647412666151,0.1606875483263,1,0.582759073477165
"INDONESIA",2010,1,0.117647412666151,0.152597102887968,0,0.742446458643347
"INDONESIA",2010,10,0.117647412666151,0.132598501827235,0,0.601380239627898
"INDONESIA",2010,11,0.117647412666151,0.130818546906562,0,0.739453183063504
"INDONESIA",2010,12,0.117647412666151,0.129115376166864,0,0.785821248137919
"INDONESIA",2010,2,0.117647412666151,0.15059530197568,0,0.675367139822714
"INDONESIA",2010,3,0.117647412666151,0.148805839477131,1,0.830010976760033
"INDONESIA",2010,4,0.117647412666151,0.146845154724769,0,0.739453183063504
"INDONESIA",2010,5,0.117647412666151,0.143319170426066,0,0.601380239627898
"INDONESIA",2010,6,0.117647412666151,0.141418767842016,0,0.628045103438568
"INDONESIA",2010,7,0.117647412666151,0.14951382566938,0,0.601380239627898
"INDONESIA",2010,8,0.117647412666151,0.142572831388518,0,0.567876090811125
"INDONESIA",2010,9,0.117647412666151,0.13747989539365,0,0.884826245024327
"JAPAN",2009,1,0.118525091266913,0.0300497135713719,0,9.9167271753581e-07
"JAPAN",2009,10,0.118525091266913,0.0373322733272964,0,1.40605265656338e-06
"JAPAN",2009,11,0.118525091266913,0.0344813407877247,0,1.44433643159958e-06
"JAPAN",2009,12,0.118525091266913,0.0367168874534185,0,1.8398531889416e-06
"JAPAN",2009,2,0.118525091266913,0.0282219841740531,0,9.70152594592251e-07
"JAPAN",2009,3,0.118525091266913,0.0286101069178393,0,1.65326932556089e-06
"JAPAN",2009,4,0.118525091266913,0.0305922858185876,0,2.17578104636262e-06
"JAPAN",2009,5,0.118525091266913,0.0290937244551174,0,1.44433643159958e-06
"JAPAN",2009,6,0.118525091266913,0.0367947076390704,0,1.1610607718539e-06
"JAPAN",2009,7,0.118525091266913,0.0363833214939585,0,1.13769753821304e-06
"JAPAN",2009,8,0.118525091266913,0.0350776120286639,0,9.70152594592251e-07
"JAPAN",2009,9,0.118525091266913,0.0350606219778854,0,1.13769753821304e-06
"JAPAN",2010,1,0.118525091266913,0.0309761104490908,0,2.36683632966739e-06
"JAPAN",2010,10,0.118525091266913,0.0281327720973069,0,2.36964799807287e-06
"JAPAN",2010,11,0.118525091266913,0.0277103290801786,0,3.71393009932358e-06
"JAPAN",2010,12,0.118525091266913,0.0273073842890439,0,1.15299980241564e-05
"JAPAN",2010,2,0.118525091266913,0.0296789453916286,0,2.12361207337376e-06
"JAPAN",2010,3,0.118525091266913,0.0293161051836788,0,3.57109877868828e-06
"JAPAN",2010,4,0.118525091266913,0.0330103263170629,0,3.55967412154397e-06
"JAPAN",2010,5,0.118525091266913,0.0309931964762923,0,1.51563364455156e-06
"JAPAN",2010,6,0.118525091266913,0.0348911570776576,0,1.80237969346792e-06
"JAPAN",2010,7,0.118525091266913,0.0352650269685003,0,2.36683635392809e-06
"JAPAN",2010,8,0.118525091266913,0.0375312660672841,0,3.44370492549878e-06
"JAPAN",2010,9,0.118525091266913,0.031260023554319,0,1.96963364832328e-06
"LAOS",2009,1,0.102713511168644,0.118976357897396,0,0.0189007493252279
"LAOS",2009,10,0.102713511168644,0.137245533156105,0,0.0189007493252279
"LAOS",2009,11,0.102713511168644,0.135928432113582,0,0.0189007493252279
"LAOS",2009,12,0.102713511168644,0.137707263596116,0,0.0189007493252279
"LAOS",2009,2,0.102713511168644,0.120617544570277,0,0.0189007493252279
"LAOS",2009,3,0.102713511168644,0.122116660636669,0,0.0189007493252279
"LAOS",2009,4,0.102713511168644,0.126724084708713,0,0.0189007493252279
"LAOS",2009,5,0.102713511168644,0.125438177370547,0,0.0189007493252279
"LAOS",2009,6,0.102713511168644,0.127155635121025,0,0.0189007493252279
"LAOS",2009,7,0.102713511168644,0.130344463192817,0,0.0189007493252279
"LAOS",2009,8,0.102713511168644,0.130593820933539,0,0.0189007493252279
"LAOS",2009,9,0.102713511168644,0.132371183835265,0,0.0189007493252279
"LAOS",2010,1,0.102713511168644,0.139565898025677,0,0.0189223536281006
"LAOS",2010,10,0.102713511168644,0.156853022936716,0,0.0189223536281006
"LAOS",2010,11,0.102713511168644,0.158922442035133,0,0.0189223536281006
"LAOS",2010,12,0.102713511168644,0.160946136032549,0,0.0189223536281006
"LAOS",2010,2,0.102713511168644,0.141445503478166,0,0.0189223536281006
"LAOS",2010,3,0.102713511168644,0.143161341025344,0,0.0189223536281006
"LAOS",2010,4,0.102713511168644,0.145081203580609,0,0.0189223536281006
"LAOS",2010,5,0.102713511168644,0.148643016291986,0,0.0189223536281006
"LAOS",2010,6,0.102713511168644,0.148921385844531,0,0.0189223536281006
"LAOS",2010,7,0.102713511168644,0.150840567479286,0,0.0445475421724215
"LAOS",2010,8,0.102713511168644,0.152845041949431,0,0.0189223536281006
"LAOS",2010,9,0.102713511168644,0.158402644717818,0,0.0189223536281006
"MADAGASCAR",2009,1,0.105380747354226,0.0987611324363333,0,0.0312022602223543
"MADAGASCAR",2009,10,0.105380747354226,0.081378038858832,0,0.0312022602223543
"MADAGASCAR",2009,11,0.105380747354226,0.0802220593261364,0,0.0312022602223543
"MADAGASCAR",2009,12,0.105380747354226,0.0791176598433912,0,0.0312022602223543
"MADAGASCAR",2009,2,0.105380747354226,0.100155165914394,0,0.0312022602223543
"MADAGASCAR",2009,3,0.105380747354226,0.0767723411688596,0,0.0312022602223543
"MADAGASCAR",2009,4,0.105380747354226,0.0778828203286695,0,0.0312022602223543
"MADAGASCAR",2009,5,0.105380747354226,0.0789714609347412,0,0.0312022602223543
"MADAGASCAR",2009,6,0.105380747354226,0.0801109892412043,0,0.0312022602223543
"MADAGASCAR",2009,7,0.105380747354226,0.0812280314994588,0,0.0316460093866296
"MADAGASCAR",2009,8,0.105380747354226,0.0823972082468025,0,0.0370133413050084
"MADAGASCAR",2009,9,0.105380747354226,0.0825111637506653,0,0.0539579428164884
"MADAGASCAR",2010,1,0.105380747354226,0.0779910630794432,0,0.0312657410469402
"MADAGASCAR",2010,10,0.105380747354226,0.0817918617609816,0,0.0312657410469402
"MADAGASCAR",2010,11,0.105380747354226,0.0829684212741938,0,0.0312657410469402
"MADAGASCAR",2010,12,0.105380747354226,0.0823213175131655,0,0.0312657410469402
"MADAGASCAR",2010,2,0.105380747354226,0.0768791692322874,0,0.0312657410469402
"MADAGASCAR",2010,3,0.105380747354226,0.0758873874617996,0,0.0342647054953085
"MADAGASCAR",2010,4,0.105380747354226,0.0751512723653525,0,0.0312657410469402
"MADAGASCAR",2010,5,0.105380747354226,0.0762048869416174,0,0.0312657410469402
"MADAGASCAR",2010,6,0.105380747354226,0.0773078454258635,0,0.0312657410469402
"MADAGASCAR",2010,7,0.105380747354226,0.078389132294475,0,0.0312657410469402
"MADAGASCAR",2010,8,0.105380747354226,0.0795209833094867,0,0.0312657410469402
"MADAGASCAR",2010,9,0.105380747354226,0.0806677465240685,0,0.0312657410469402
"MALAYSIA",2009,1,0.107284517553729,0.0719079958865646,0,0.000516741920429399
"MALAYSIA",2009,10,0.107284517553729,0.067359302637185,0,0.000516741920429399
"MALAYSIA",2009,11,0.107284517553729,0.07333109743778,0,0.000971651585962761
"MALAYSIA",2009,12,0.107284517553729,0.0614888774443182,0,0.00067244640150613
"MALAYSIA",2009,2,0.107284517553729,0.0691357883787072,0,0.000669270042322027
"MALAYSIA",2009,3,0.107284517553729,0.0708306183490706,0,0.000516741920429399
"MALAYSIA",2009,4,0.107284517553729,0.0680968984930816,0,0.000516741920429399
"MALAYSIA",2009,5,0.107284517553729,0.0663148090106086,0,0.000516741920429399
"MALAYSIA",2009,6,0.107284517553729,0.0777613371060749,0,0.000516741920429399
"MALAYSIA",2009,7,0.107284517553729,0.0729868754246965,0,0.000516741920429399
"MALAYSIA",2009,8,0.107284517553729,0.0693090309219018,0,0.000516741920429399
"MALAYSIA",2009,9,0.107284517553729,0.0812274260542798,0,0.000516741920429399
"MALAYSIA",2010,1,0.107284517553729,0.0686676512906994,0,0.000740884909141315
"MALAYSIA",2010,10,0.107284517553729,0.0519940871338715,0,0.000534285851476535
"MALAYSIA",2010,11,0.107284517553729,0.0527666439975826,0,0.000534285851476535
"MALAYSIA",2010,12,0.107284517553729,0.0535245905474497,0,0.000740884909141315
"MALAYSIA",2010,2,0.107284517553729,0.058970680956293,0,0.000534285851476535
"MALAYSIA",2010,3,0.107284517553729,0.0635406225061866,0,0.000534285851476535
"MALAYSIA",2010,4,0.107284517553729,0.0573481368600641,0,0.000725792973018049
"MALAYSIA",2010,5,0.107284517553729,0.0617423998752791,0,0.000534285851476535
"MALAYSIA",2010,6,0.107284517553729,0.0564221470849862,0,0.000534285851476535
"MALAYSIA",2010,7,0.107284517553729,0.055625580531388,0,0.000534285851476535
"MALAYSIA",2010,8,0.107284517553729,0.0555102286254093,0,0.000534285851476535
"MALAYSIA",2010,9,0.107284517553729,0.0567133161212294,0,0.000534285851476535
"MAURITIUS",2009,1,0.103544231024954,0.0757336055381915,0,0.00903393981816304
"MAURITIUS",2009,10,0.103544231024954,0.0859036019421437,0,0.00903393981816304
"MAURITIUS",2009,11,0.103544231024954,0.0871336952784499,0,0.00903393981816304
"MAURITIUS",2009,12,0.103544231024954,0.0905160344836042,0,0.00903393981816304
"MAURITIUS",2009,2,0.103544231024954,0.0768303101884555,0,0.00903393981816304
"MAURITIUS",2009,3,0.103544231024954,0.0778333772148146,0,0.00903393981816304
"MAURITIUS",2009,4,0.103544231024954,0.0789578912382548,0,0.00903393981816304
"MAURITIUS",2009,5,0.103544231024954,0.0800602544097004,0,0.00903393981816304
"MAURITIUS",2009,6,0.103544231024954,0.0822170937718311,0,0.00903393981816304
"MAURITIUS",2009,7,0.103544231024954,0.0833608416442408,0,0.00903393981816304
"MAURITIUS",2009,8,0.103544231024954,0.0835289496459808,0,0.0157333562675284
"MAURITIUS",2009,9,0.103544231024954,0.0847281910687917,0,0.00903393981816304
"MAURITIUS",2010,1,0.103544231024954,0.0906971441449085,0,0.00904020148410623
"MAURITIUS",2010,10,0.103544231024954,0.0874537153103256,0,0.00904020148410623
"MAURITIUS",2010,11,0.103544231024954,0.0862195308570588,0,0.00904020148410623
"MAURITIUS",2010,12,0.103544231024954,0.0850401993192211,0,0.00904020148410623
"MAURITIUS",2010,2,0.103544231024954,0.090878579971147,0,0.00904020148410623
"MAURITIUS",2010,3,0.103544231024954,0.0920467686130715,0,0.00904020148410623
"MAURITIUS",2010,4,0.103544231024954,0.0933558448147236,0,0.00904020148410623
"MAURITIUS",2010,5,0.103544231024954,0.0937816772231504,0,0.00904020148410623
"MAURITIUS",2010,6,0.103544231024954,0.0924672388087112,0,0.00904020148410623
"MAURITIUS",2010,7,0.103544231024954,0.091210979755998,0,0.00904020148410623
"MAURITIUS",2010,8,0.103544231024954,0.0899289965569555,0,0.00904020148410623
"MAURITIUS",2010,9,0.103544231024954,0.0886632738963012,0,0.00904020148410623
"MONGOLIA",2009,1,0.0997275187515947,0.0901316175865845,0,0.00276331054124821
"MONGOLIA",2009,10,0.0997275187515947,0.08951590209398,0,0.00276331054124821
"MONGOLIA",2009,11,0.0997275187515947,0.0882554297714331,0,0.00276331054124821
"MONGOLIA",2009,12,0.0997275187515947,0.0870509035988956,0,0.00276331054124821
"MONGOLIA",2009,2,0.0997275187515947,0.0914161991056598,0,0.00276331054124821
"MONGOLIA",2009,3,0.0997275187515947,0.0960151435028038,0,0.00276331054124821
"MONGOLIA",2009,4,0.0997275187515947,0.0962060921953314,0,0.00276331054124821
"MONGOLIA",2009,5,0.0997275187515947,0.0951961022889121,0,0.00276331054124821
"MONGOLIA",2009,6,0.0997275187515947,0.0957868427380983,0,0.00276331054124821
"MONGOLIA",2009,7,0.0997275187515947,0.0933527005970979,0,0.00276331054124821
"MONGOLIA",2009,8,0.0997275187515947,0.0920436640090005,0,0.00276331054124821
"MONGOLIA",2009,9,0.0997275187515947,0.0952605055700526,0,0.00276331054124821
"MONGOLIA",2010,1,0.0997275187515947,0.0868763793329054,0,0.00276561203862387
"MONGOLIA",2010,10,0.0997275187515947,0.0756607480782313,0,0.00361416412590733
"MONGOLIA",2010,11,0.0997275187515947,0.0745793894887829,0,0.00276561203862387
"MONGOLIA",2010,12,0.0997275187515947,0.0747875697254083,0,0.00276561203862387
"MONGOLIA",2010,2,0.0997275187515947,0.0846085788274338,0,0.00276561203862387
"MONGOLIA",2010,3,0.0997275187515947,0.0835261059063459,0,0.00276561203862387
"MONGOLIA",2010,4,0.0997275187515947,0.0823423480877184,0,0.00276561203862387
"MONGOLIA",2010,5,0.0997275187515947,0.081211336331792,0,0.00276561203862387
"MONGOLIA",2010,6,0.0997275187515947,0.0840846577785181,0,0.00276561203862387
"MONGOLIA",2010,7,0.0997275187515947,0.0789551897131172,0,0.00276561203862387
"MONGOLIA",2010,8,0.0997275187515947,0.0797712045774325,0,0.00276561203862387
"MONGOLIA",2010,9,0.0997275187515947,0.0767209129293087,0,0.00340873497972985
"MYANMAR",2009,1,0.0581432950624709,0.0946452369271941,0,0.0929017474532746
"MYANMAR",2009,10,0.0581432950624709,0.0979205180038096,0,0.0848639503022166
"MYANMAR",2009,11,0.0581432950624709,0.0890507739799704,0,0.0929886969005899
"MYANMAR",2009,12,0.0581432950624709,0.0936281509860897,0,0.096874807423314
"MYANMAR",2009,2,0.0581432950624709,0.0991304900523409,0,0.0947672218101513
"MYANMAR",2009,3,0.0581432950624709,0.0888374054379085,0,0.0929886969005899
"MYANMAR",2009,4,0.0581432950624709,0.0942101745990613,0,0.109187033778876
"MYANMAR",2009,5,0.0581432950624709,0.0918120305981721,0,0.111158720728284
"MYANMAR",2009,6,0.0581432950624709,0.0883455236228992,0,0.0947672218101513
"MYANMAR",2009,7,0.0581432950624709,0.0850367071156592,0,0.154656888271261
"MYANMAR",2009,8,0.0581432950624709,0.0833096855061438,0,0.119813343953104
"MYANMAR",2009,9,0.0581432950624709,0.0855459247514922,0,0.0929017474532746
"MYANMAR",2010,1,0.0581432950624709,0.10581166904352,0,0.0966473937421804
"MYANMAR",2010,10,0.0581432950624709,0.0999585749572483,0,0.0929017474532746
"MYANMAR",2010,11,0.0581432950624709,0.100638178788517,0,0.0929017474532746
"MYANMAR",2010,12,0.0581432950624709,0.0992830538231329,0,0.10624878192294
"MYANMAR",2010,2,0.0581432950624709,0.0928696698227651,0,0.109187033778876
"MYANMAR",2010,3,0.0581432950624709,0.107359651131325,0,0.109187033778876
"MYANMAR",2010,4,0.0581432950624709,0.0919908171039211,0,0.0929017474532746
"MYANMAR",2010,5,0.0581432950624709,0.101475384121588,0,0.144533273023947
"MYANMAR",2010,6,0.0581432950624709,0.100461585775961,0,0.105768693756953
"MYANMAR",2010,7,0.0581432950624709,0.146454679797628,0,0.0767184070826488
"MYANMAR",2010,8,0.0581432950624709,0.10081402571183,0,0.0959049809023489
"MYANMAR",2010,9,0.0581432950624709,0.102233749134203,0,0.0947672218101513
"NEPAL",2009,1,0.106519387712446,0.261820919381488,0,0.656595481819036
"NEPAL",2009,10,0.106519387712446,0.211020703992232,0,0.72205628445685
"NEPAL",2009,11,0.106519387712446,0.199756919424036,0,0.840764550535084
"NEPAL",2009,12,0.106519387712446,0.201629045177521,0,0.656595481819036
"NEPAL",2009,2,0.106519387712446,0.282561346614684,0,0.696955827427003
"NEPAL",2009,3,0.106519387712446,0.274365952867844,0,0.656595481819036
"NEPAL",2009,4,0.106519387712446,0.263424101445663,0,0.6915696046352
"NEPAL",2009,5,0.106519387712446,0.206050690674116,0,0.731268840948191
"NEPAL",2009,6,0.106519387712446,0.235532428014096,0,0.719796129987966
"NEPAL",2009,7,0.106519387712446,0.212036745307695,0,0.639911376972329
"NEPAL",2009,8,0.106519387712446,0.24457491122052,0,0.646150432863965
"NEPAL",2009,9,0.106519387712446,0.204697807561635,0,0.656595481819036
"NEPAL",2010,1,0.106519387712446,0.201275452644871,0,0.65705566690891
"NEPAL",2010,10,0.106519387712446,0.15943455953421,0,0.65705566690891
"NEPAL",2010,11,0.106519387712446,0.157359719506973,0,0.680865004195192
"NEPAL",2010,12,0.106519387712446,0.155372769705191,0,0.7841792046465
"NEPAL",2010,2,0.106519387712446,0.192475309963258,0,0.65705566690891
"NEPAL",2010,3,0.106519387712446,0.178247976275236,0,0.65705566690891
"NEPAL",2010,4,0.106519387712446,0.183867474236599,0,0.65705566690891
"NEPAL",2010,5,0.106519387712446,0.189700418079479,0,0.65705566690891
"NEPAL",2010,6,0.106519387712446,0.187319480150979,1,0.661982261060373
"NEPAL",2010,7,0.106519387712446,0.169451886192354,1,0.65705566690891
"NEPAL",2010,8,0.106519387712446,0.188765767695737,0,0.65705566690891
"NEPAL",2010,9,0.106519387712446,0.165115819711847,0,0.740420063572021
"NEW ZEALAND",2009,1,0.112960656877482,0.0712736988306602,0,3.96582190136695e-07
"NEW ZEALAND",2009,10,0.112960656877482,0.0718950866531165,0,3.96582190136695e-07
"NEW ZEALAND",2009,11,0.112960656877482,0.0708634216343819,0,3.96582190136695e-07
"NEW ZEALAND",2009,12,0.112960656877482,0.0690142942272933,0,3.96582190136695e-07
"NEW ZEALAND",2009,2,0.112960656877482,0.072016531690031,0,3.96582190136695e-07
"NEW ZEALAND",2009,3,0.112960656877482,0.0702051059020759,0,3.96582190136695e-07
"NEW ZEALAND",2009,4,0.112960656877482,0.0699883799946572,0,3.96582190136695e-07
"NEW ZEALAND",2009,5,0.112960656877482,0.0718615919152603,0,4.74622320572158e-07
"NEW ZEALAND",2009,6,0.112960656877482,0.0747343236384158,0,3.96582190136695e-07
"NEW ZEALAND",2009,7,0.112960656877482,0.0739313092882914,0,3.96582190136695e-07
"NEW ZEALAND",2009,8,0.112960656877482,0.074886456379933,0,3.96582190136695e-07
"NEW ZEALAND",2009,9,0.112960656877482,0.0738152803948264,0,3.96582190136695e-07
"NEW ZEALAND",2010,1,0.112960656877482,0.0688732027320561,0,4.08600318191597e-07
"NEW ZEALAND",2010,10,0.112960656877482,0.0709420672028724,0,4.08600318191597e-07
"NEW ZEALAND",2010,11,0.112960656877482,0.0719747884895219,0,4.08600318191597e-07
"NEW ZEALAND",2010,12,0.112960656877482,0.0729873835721179,0,4.08600318191597e-07
"NEW ZEALAND",2010,2,0.112960656877482,0.0695928917376573,0,4.08600318191597e-07
"NEW ZEALAND",2010,3,0.112960656877482,0.0661668899521779,0,4.08600318191597e-07
"NEW ZEALAND",2010,4,0.112960656877482,0.0652116467619296,0,4.08600318191597e-07
"NEW ZEALAND",2010,5,0.112960656877482,0.0660429060624793,0,4.08600318191597e-07
"NEW ZEALAND",2010,6,0.112960656877482,0.0670094529649873,0,4.08600318191597e-07
"NEW ZEALAND",2010,7,0.112960656877482,0.0679573074083021,0,4.08600318191597e-07
"NEW ZEALAND",2010,8,0.112960656877482,0.0706858484978903,0,4.08600318191597e-07
"NEW ZEALAND",2010,9,0.112960656877482,0.0699557066043933,0,4.08600318191597e-07
"NORTH KOREA",2009,1,0.121201851437281,0.07128334832615,0,7.00185913889673e-05
"NORTH KOREA",2009,10,0.121201851437281,0.0819075914761341,0,7.00185913889673e-05
"NORTH KOREA",2009,11,0.121201851437281,0.083085665100376,0,7.00185913889673e-05
"NORTH KOREA",2009,12,0.121201851437281,0.0832149566960676,0,7.00185913889673e-05
"NORTH KOREA",2009,2,0.121201851437281,0.0723206509939771,0,7.00185913889673e-05
"NORTH KOREA",2009,3,0.121201851437281,0.0732695145026851,0,7.00185913889673e-05
"NORTH KOREA",2009,4,0.121201851437281,0.0771401006955763,0,7.00185913889673e-05
"NORTH KOREA",2009,5,0.121201851437281,0.0763133684899847,0,7.00185913889673e-05
"NORTH KOREA",2009,6,0.121201851437281,0.0774177655097474,0,7.00185913889673e-05
"NORTH KOREA",2009,7,0.121201851437281,0.0794728300730144,0,7.00185913889673e-05
"NORTH KOREA",2009,8,0.121201851437281,0.081615248097515,0,7.00185913889673e-05
"NORTH KOREA",2009,9,0.121201851437281,0.0797950247418932,0,7.00185913889673e-05
"NORTH KOREA",2010,1,0.121201851437281,0.0875612872087601,0,7.00185913889673e-05
"NORTH KOREA",2010,10,0.121201851437281,0.0956246928328062,0,7.00185913889673e-05
"NORTH KOREA",2010,11,0.121201851437281,0.0969792187299555,0,7.00185913889673e-05
"NORTH KOREA",2010,12,0.121201851437281,0.0983063304167263,0,7.00185913889673e-05
"NORTH KOREA",2010,2,0.121201851437281,0.0866730896991395,0,7.00185913889673e-05
"NORTH KOREA",2010,3,0.121201851437281,0.0910573326481539,0,7.00185913889673e-05
"NORTH KOREA",2010,4,0.121201851437281,0.0890469453985736,0,7.00185913889673e-05
"NORTH KOREA",2010,5,0.121201851437281,0.0891846111980652,0,7.00185913889673e-05
"NORTH KOREA",2010,6,0.121201851437281,0.091562796579828,0,7.00185913889673e-05
"NORTH KOREA",2010,7,0.121201851437281,0.0917039603161025,0,7.00185913889673e-05
"NORTH KOREA",2010,8,0.121201851437281,0.0930086605682927,0,7.00185913889673e-05
"NORTH KOREA",2010,9,0.121201851437281,0.0943299954169013,0,7.00185913889673e-05
"PAPUA NEW GUINEA",2009,1,0.105041962957592,0.0308857953442696,0,0.000579137128412176
"PAPUA NEW GUINEA",2009,10,0.105041962957592,0.0270366213231248,0,0.000579137128412176
"PAPUA NEW GUINEA",2009,11,0.105041962957592,0.0269788612608162,0,0.000579137128412176
"PAPUA NEW GUINEA",2009,12,0.105041962957592,0.0262425251089374,0,0.000579137128412176
"PAPUA NEW GUINEA",2009,2,0.105041962957592,0.0304233068931898,0,0.000579137128412176
"PAPUA NEW GUINEA",2009,3,0.105041962957592,0.0304029078757547,0,0.000579137128412176
"PAPUA NEW GUINEA",2009,4,0.105041962957592,0.0295615526148098,0,0.000579137128412176
"PAPUA NEW GUINEA",2009,5,0.105041962957592,0.0291324951629131,0,0.000579137128412176
"PAPUA NEW GUINEA",2009,6,0.105041962957592,0.0286954835006772,0,0.000579137128412176
"PAPUA NEW GUINEA",2009,7,0.105041962957592,0.0290225613569476,0,0.000579137128412176
"PAPUA NEW GUINEA",2009,8,0.105041962957592,0.0278540594595988,0,0.000579137128412176
"PAPUA NEW GUINEA",2009,9,0.105041962957592,0.0274356834578603,0,0.000579137128412176
"PAPUA NEW GUINEA",2010,1,0.105041962957592,0.0266432046810437,0,0.000580968708270476
"PAPUA NEW GUINEA",2010,10,0.105041962957592,0.0304381206301171,0,0.000580968708270476
"PAPUA NEW GUINEA",2010,11,0.105041962957592,0.030900827099315,0,0.000580968708270476
"PAPUA NEW GUINEA",2010,12,0.105041962957592,0.0313550870797913,0,0.000580968708270476
"PAPUA NEW GUINEA",2010,2,0.105041962957592,0.027403845940825,0,0.000580968708270476
"PAPUA NEW GUINEA",2010,3,0.105041962957592,0.0292621568306347,0,0.000580968708270476
"PAPUA NEW GUINEA",2010,4,0.105041962957592,0.0278404672311831,0,0.000580968708270476
"PAPUA NEW GUINEA",2010,5,0.105041962957592,0.028251049671456,0,0.000580968708270476
"PAPUA NEW GUINEA",2010,6,0.105041962957592,0.0286814927880169,0,0.000580968708270476
"PAPUA NEW GUINEA",2010,7,0.105041962957592,0.029104107087023,0,0.000580968708270476
"PAPUA NEW GUINEA",2010,8,0.105041962957592,0.0295471524883675,0,0.000580968708270476
"PAPUA NEW GUINEA",2010,9,0.105041962957592,0.0299967338981308,0,0.000580968708270476
"PHILIPPINES",2009,1,0.112517326023283,0.34937022198248,1,0.403401045727435
"PHILIPPINES",2009,10,0.112517326023283,0.381133340886392,1,0.999904357554664
"PHILIPPINES",2009,11,0.112517326023283,0.384811282397277,1,0.970739045062953
"PHILIPPINES",2009,12,0.112517326023283,0.391562959571835,1,0.99943122413199
"PHILIPPINES",2009,2,0.112517326023283,0.352916442717833,1,0.89726796346385
"PHILIPPINES",2009,3,0.112517326023283,0.359204305934616,1,0.971900279535085
"PHILIPPINES",2009,4,0.112517326023283,0.359710393341185,1,0.886390931627914
"PHILIPPINES",2009,5,0.112517326023283,0.36318683377254,1,0.988309556246148
"PHILIPPINES",2009,6,0.112517326023283,0.382450040157343,1,0.918448137988342
"PHILIPPINES",2009,7,0.112517326023283,0.379697470873739,1,0.992998331485115
"PHILIPPINES",2009,8,0.112517326023283,0.373936108913161,1,0.999770172467312
"PHILIPPINES",2009,9,0.112517326023283,0.380733400980923,1,0.999999689868478
"PHILIPPINES",2010,1,0.112517326023283,0.39527726330553,1,0.997164072605994
"PHILIPPINES",2010,10,0.112517326023283,0.404237638960548,1,0.982289835700317
"PHILIPPINES",2010,11,0.112517326023283,0.400494899755078,1,0.613689811476581
"PHILIPPINES",2010,12,0.112517326023283,0.396883910903055,1,0.952970227698634
"PHILIPPINES",2010,2,0.112517326023283,0.399003694877933,1,0.988830032648989
"PHILIPPINES",2010,3,0.112517326023283,0.405597996230709,1,0.585226263952259
"PHILIPPINES",2010,4,0.112517326023283,0.402908270383267,1,0.807367864914543
"PHILIPPINES",2010,5,0.112517326023283,0.405326351434057,1,0.963471122320584
"PHILIPPINES",2010,6,0.112517326023283,0.401580326724581,1,0.970603236158905
"PHILIPPINES",2010,7,0.112517326023283,0.397966047871056,1,0.922168067769295
"PHILIPPINES",2010,8,0.112517326023283,0.403466697787868,1,0.998647893640192
"PHILIPPINES",2010,9,0.112517326023283,0.40399583040806,1,0.995833485723769
"RUSSIA",2009,1,0.10849612717153,0.122063233880795,0,0.00409588541776578
"RUSSIA",2009,10,0.10849612717153,0.132059219830079,0,0.00409588541776578
"RUSSIA",2009,11,0.10849612717153,0.113162647276255,0,0.00409588541776578
"RUSSIA",2009,12,0.10849612717153,0.144323506222712,0,0.00409588541776578
"RUSSIA",2009,2,0.10849612717153,0.124716969080493,0,0.00409588541776578
"RUSSIA",2009,3,0.10849612717153,0.118924118924336,0,0.00409588541776578
"RUSSIA",2009,4,0.10849612717153,0.130343596211073,0,0.00409588541776578
"RUSSIA",2009,5,0.10849612717153,0.130151475815776,0,0.00409588541776578
"RUSSIA",2009,6,0.10849612717153,0.152556749727746,0,0.00409588541776578
"RUSSIA",2009,7,0.10849612717153,0.118110513549293,0,0.00409588541776578
"RUSSIA",2009,8,0.10849612717153,0.112434649436629,0,0.00409588541776578
"RUSSIA",2009,9,0.10849612717153,0.127719278864287,0,0.00409588541776578
"RUSSIA",2010,1,0.10849612717153,0.107532653113331,0,0.00442797158519471
"RUSSIA",2010,10,0.10849612717153,0.114410379661775,0,0.00442797158519471
"RUSSIA",2010,11,0.10849612717153,0.115996874786572,0,0.00442797158519471
"RUSSIA",2010,12,0.10849612717153,0.117550355953724,0,0.00442797158519471
"RUSSIA",2010,2,0.10849612717153,0.112942249122092,0,0.00442797158519471
"RUSSIA",2010,3,0.10849612717153,0.149370628385195,0,0.00442797158519471
"RUSSIA",2010,4,0.10849612717153,0.115944245254502,0,0.00442797158519471
"RUSSIA",2010,5,0.10849612717153,0.126071504826709,0,0.00442797158519471
"RUSSIA",2010,6,0.10849612717153,0.116343976411322,0,0.00442797158519471
"RUSSIA",2010,7,0.10849612717153,0.119298726498801,0,0.00442797158519471
"RUSSIA",2010,8,0.10849612717153,0.120943749552646,0,0.00442797158519471
"RUSSIA",2010,9,0.10849612717153,0.124053473897112,0,0.0134377393920935
"SINGAPORE",2009,1,0.115100203424726,0.0335165128144733,0,8.03477179268761e-05
"SINGAPORE",2009,10,0.115100203424726,0.0429318976853456,0,8.03477179268761e-05
"SINGAPORE",2009,11,0.115100203424726,0.0408740337884398,0,0.000111436355604657
"SINGAPORE",2009,12,0.115100203424726,0.0409405717809726,0,8.03477179268761e-05
"SINGAPORE",2009,2,0.115100203424726,0.034024373400958,0,8.03477179268761e-05
"SINGAPORE",2009,3,0.115100203424726,0.0353908316190478,0,8.03477179268761e-05
"SINGAPORE",2009,4,0.115100203424726,0.0354659447522372,0,8.03477179268761e-05
"SINGAPORE",2009,5,0.115100203424726,0.0364513920168123,0,8.03477179268761e-05
"SINGAPORE",2009,6,0.115100203424726,0.0379664739162371,0,8.03477179268761e-05
"SINGAPORE",2009,7,0.115100203424726,0.0380284664176302,0,8.03477179268761e-05
"SINGAPORE",2009,8,0.115100203424726,0.0371410237698746,0,8.03477179268761e-05
"SINGAPORE",2009,9,0.115100203424726,0.0381896101321948,0,8.03477179268761e-05
"SINGAPORE",2010,1,0.115100203424726,0.0410269626503611,0,8.26476868043358e-05
"SINGAPORE",2010,10,0.115100203424726,0.0455946365308662,0,8.26476868043358e-05
"SINGAPORE",2010,11,0.115100203424726,0.046276748457935,0,8.26476868043358e-05
"SINGAPORE",2010,12,0.115100203424726,0.0469460935360303,0,8.26476868043358e-05
"SINGAPORE",2010,2,0.115100203424726,0.0416437221860836,0,8.26476868043358e-05
"SINGAPORE",2010,3,0.115100203424726,0.0479551576363552,0,8.26476868043358e-05
"SINGAPORE",2010,4,0.115100203424726,0.0422973583585742,0,8.26476868043358e-05
"SINGAPORE",2010,5,0.115100203424726,0.0440231826827941,0,8.26476868043358e-05
"SINGAPORE",2010,6,0.115100203424726,0.0464261806857482,0,8.26476868043358e-05
"SINGAPORE",2010,7,0.115100203424726,0.0436262465414099,0,8.26476868043358e-05
"SINGAPORE",2010,8,0.115100203424726,0.0454254880764128,0,8.26476868043358e-05
"SINGAPORE",2010,9,0.115100203424726,0.0449436515071203,0,8.26476868043358e-05
"SOLOMIN ISLANDS",2009,1,0.103199170908179,0.057016112111427,0,3.78107731603028e-05
"SOLOMIN ISLANDS",2009,10,0.103199170908179,0.0648489570776413,0,3.78107731603028e-05
"SOLOMIN ISLANDS",2009,11,0.103199170908179,0.0657992614271882,0,3.78107731603028e-05
"SOLOMIN ISLANDS",2009,12,0.103199170908179,0.0667312219744373,0,3.78107731603028e-05
"SOLOMIN ISLANDS",2009,2,0.103199170908179,0.0578587347838941,0,3.78107731603028e-05
"SOLOMIN ISLANDS",2009,3,0.103199170908179,0.0586298465424716,0,3.78107731603028e-05
"SOLOMIN ISLANDS",2009,4,0.103199170908179,0.0594948133998641,0,3.78107731603028e-05
"SOLOMIN ISLANDS",2009,5,0.103199170908179,0.0603432475045516,0,3.78107731603028e-05
"SOLOMIN ISLANDS",2009,6,0.103199170908179,0.0612318479800854,0,3.78107731603028e-05
"SOLOMIN ISLANDS",2009,7,0.103199170908179,0.0621034176163194,0,3.78107731603028e-05
"SOLOMIN ISLANDS",2009,8,0.103199170908179,0.0638100514248092,0,3.78107731603028e-05
"SOLOMIN ISLANDS",2009,9,0.103199170908179,0.0639414829773083,0,3.78107731603028e-05
"SOLOMIN ISLANDS",2010,1,0.103199170908179,0.06770711218958,0,3.78146619360253e-05
"SOLOMIN ISLANDS",2010,10,0.103199170908179,0.0719117357816007,0,3.78146619360253e-05
"SOLOMIN ISLANDS",2010,11,0.103199170908179,0.0708798501002377,0,3.78146619360253e-05
"SOLOMIN ISLANDS",2010,12,0.103199170908179,0.0698942894736987,0,3.78146619360253e-05
"SOLOMIN ISLANDS",2010,2,0.103199170908179,0.0686962235037243,0,3.78146619360253e-05
"SOLOMIN ISLANDS",2010,3,0.103199170908179,0.0696011014815948,0,3.78146619360253e-05
"SOLOMIN ISLANDS",2010,4,0.103199170908179,0.0706157857310042,0,3.78146619360253e-05
"SOLOMIN ISLANDS",2010,5,0.103199170908179,0.0716107366945605,0,3.78146619360253e-05
"SOLOMIN ISLANDS",2010,6,0.103199170908179,0.0726524307701267,0,3.78146619360253e-05
"SOLOMIN ISLANDS",2010,7,0.103199170908179,0.0745912262065583,0,3.78146619360253e-05
"SOLOMIN ISLANDS",2010,8,0.103199170908179,0.0739827822504432,0,3.78146619360253e-05
"SOLOMIN ISLANDS",2010,9,0.103199170908179,0.0729235134970951,0,3.78146619360253e-05
"SOUTH KOREA",2009,1,0.109940391260306,0.0628088159204931,0,0.0108703889528622
"SOUTH KOREA",2009,10,0.109940391260306,0.0580638649475181,0,0.0108703889528622
"SOUTH KOREA",2009,11,0.109940391260306,0.0594203834069425,0,0.0108703889528622
"SOUTH KOREA",2009,12,0.109940391260306,0.0543144215616109,0,0.0108703889528622
"SOUTH KOREA",2009,2,0.109940391260306,0.0611272122191044,0,0.0108703889528622
"SOUTH KOREA",2009,3,0.109940391260306,0.0618586822447959,0,0.0108703889528622
"SOUTH KOREA",2009,4,0.109940391260306,0.0602008827853362,0,0.0108703889528622
"SOUTH KOREA",2009,5,0.109940391260306,0.0601050040407887,0,0.0108703889528622
"SOUTH KOREA",2009,6,0.109940391260306,0.0638618677849824,0,0.0108703889528622
"SOUTH KOREA",2009,7,0.109940391260306,0.0591372922667893,0,0.0108703889528622
"SOUTH KOREA",2009,8,0.109940391260306,0.0628377130926735,0,0.0108703889528622
"SOUTH KOREA",2009,9,0.109940391260306,0.0559987828782413,0,0.013624191135338
"SOUTH KOREA",2010,1,0.109940391260306,0.0607097666668843,0,0.0119103174900385
"SOUTH KOREA",2010,10,0.109940391260306,0.0550346745538183,0,0.0119103174900385
"SOUTH KOREA",2010,11,0.109940391260306,0.0558497485363169,0,0.0119103174900385
"SOUTH KOREA",2010,12,0.109940391260306,0.0566493326464518,0,0.0119103174900385
"SOUTH KOREA",2010,2,0.109940391260306,0.0534092506557155,0,0.0119103174900385
"SOUTH KOREA",2010,3,0.109940391260306,0.0513841515522073,0,0.0119103174900385
"SOUTH KOREA",2010,4,0.109940391260306,0.0530706912519989,0,0.0119103174900385
"SOUTH KOREA",2010,5,0.109940391260306,0.0602994230127563,0,0.0119103174900385
"SOUTH KOREA",2010,6,0.109940391260306,0.0560282769404833,0,0.0119103174900385
"SOUTH KOREA",2010,7,0.109940391260306,0.0540314391350905,0,0.0119103174900385
"SOUTH KOREA",2010,8,0.109940391260306,0.058401011160396,0,0.0119103174900385
"SOUTH KOREA",2010,9,0.109940391260306,0.0592628145392294,0,0.0119103174900385
"SRI LANKA",2009,1,0.104029019748661,0.0949084451190353,0,0.00134757595972139
"SRI LANKA",2009,10,0.104029019748661,0.12517720979795,0,0.000867306537746176
"SRI LANKA",2009,11,0.104029019748661,0.118268994404603,0,0.0011343543910633
"SRI LANKA",2009,12,0.104029019748661,0.119848779352913,0,0.00107506790301585
"SRI LANKA",2009,2,0.104029019748661,0.107238851973792,0,0.0011102955070495
"SRI LANKA",2009,3,0.104029019748661,0.103523988495263,0,0.000976510324287097
"SRI LANKA",2009,4,0.104029019748661,0.149045267454384,0,0.000682239818161998
"SRI LANKA",2009,5,0.104029019748661,0.122642242475104,0,0.00216530329158378
"SRI LANKA",2009,6,0.104029019748661,0.111810737222344,0,0.00220635529579515
"SRI LANKA",2009,7,0.104029019748661,0.111979269577757,0,0.00142748133060971
"SRI LANKA",2009,8,0.104029019748661,0.109562641576375,0,0.000418207503977623
"SRI LANKA",2009,9,0.104029019748661,0.117863531504213,0,0.000487199745118039
"SRI LANKA",2010,1,0.104029019748661,0.117284749689053,0,0.000835207778503034
"SRI LANKA",2010,10,0.104029019748661,0.103239584870496,0,0.00100299170520848
"SRI LANKA",2010,11,0.104029019748661,0.101807477366089,0,0.00108529383920138
"SRI LANKA",2010,12,0.104029019748661,0.100438365782401,0,0.000901729100871692
"SRI LANKA",2010,2,0.104029019748661,0.116817738613466,0,0.000997083742108556
"SRI LANKA",2010,3,0.104029019748661,0.115240819193366,0,0.00103363009509854
"SRI LANKA",2010,4,0.104029019748661,0.120293194886674,0,0.00114822470367935
"SRI LANKA",2010,5,0.104029019748661,0.114576988113807,0,0.00100299170520848
"SRI LANKA",2010,6,0.104029019748661,0.130110159364178,0,0.00138218625556416
"SRI LANKA",2010,7,0.104029019748661,0.119702913306518,0,0.00110074092629676
"SRI LANKA",2010,8,0.104029019748661,0.107384223321971,0,0.00104370382206152
"SRI LANKA",2010,9,0.104029019748661,0.111071616751549,0,0.00107226007089526
"TAIWAN",2009,1,0.109218030563382,0.0580280146269551,0,0.00131535193017897
"TAIWAN",2009,10,0.109218030563382,0.0633596054340153,0,0.00112186153868838
"TAIWAN",2009,11,0.109218030563382,0.0675818180054398,0,0.00112186153868838
"TAIWAN",2009,12,0.109218030563382,0.0652016554097897,0,0.00112186153868838
"TAIWAN",2009,2,0.109218030563382,0.0601915556904005,0,0.00112186153868838
"TAIWAN",2009,3,0.109218030563382,0.0572745780390172,0,0.00112186153868838
"TAIWAN",2009,4,0.109218030563382,0.0581207850635003,0,0.00112186153868838
"TAIWAN",2009,5,0.109218030563382,0.062769568096204,0,0.00112186153868838
"TAIWAN",2009,6,0.109218030563382,0.0628990005204641,0,0.00112186153868838
"TAIWAN",2009,7,0.109218030563382,0.062214604925283,0,0.00166928198925339
"TAIWAN",2009,8,0.109218030563382,0.0631289111983296,0,0.00112186153868838
"TAIWAN",2009,9,0.109218030563382,0.0656772490661845,0,0.00112186153868838
"TAIWAN",2010,1,0.109218030563382,0.0657855112113037,0,0.00112186153868838
"TAIWAN",2010,10,0.109218030563382,0.057846541168884,0,0.00112186153868838
"TAIWAN",2010,11,0.109218030563382,0.0570040853329838,0,0.00131535193017897
"TAIWAN",2010,12,0.109218030563382,0.0561997923238631,0,0.00112186153868838
"TAIWAN",2010,2,0.109218030563382,0.0673095358731367,0,0.00112186153868838
"TAIWAN",2010,3,0.109218030563382,0.0656081342912174,0,0.00112186153868838
"TAIWAN",2010,4,0.109218030563382,0.0630622971373899,0,0.00112186153868838
"TAIWAN",2010,5,0.109218030563382,0.0637553838562785,0,0.00112186153868838
"TAIWAN",2010,6,0.109218030563382,0.0628326127923092,0,0.00112186153868838
"TAIWAN",2010,7,0.109218030563382,0.0611792448751996,0,0.00112186153868838
"TAIWAN",2010,8,0.109218030563382,0.0618238742011061,0,0.00112186153868838
"TAIWAN",2010,9,0.109218030563382,0.0601669477623025,0,0.00112186153868838
"THAILAND",2009,1,0.111058665167546,0.0912779174769747,0,0.0443566893280104
"THAILAND",2009,10,0.111058665167546,0.0805277153901204,0,0.0684103952440899
"THAILAND",2009,11,0.111058665167546,0.075562245043729,0,0.072756033401312
"THAILAND",2009,12,0.111058665167546,0.0745167989683026,0,0.0443566893280104
"THAILAND",2009,2,0.111058665167546,0.0846696836368094,0,0.0700437131358286
"THAILAND",2009,3,0.111058665167546,0.0846160863581266,0,0.0521228252879649
"THAILAND",2009,4,0.111058665167546,0.0865359421256191,0,0.0559402579986619
"THAILAND",2009,5,0.111058665167546,0.0822738217430148,0,0.0443566893280104
"THAILAND",2009,6,0.111058665167546,0.0916422688201775,0,0.121023621314342
"THAILAND",2009,7,0.111058665167546,0.0871526438960382,0,0.0516216376793621
"THAILAND",2009,8,0.111058665167546,0.0818150184902918,0,0.0443566893280104
"THAILAND",2009,9,0.111058665167546,0.0777296203626664,0,0.0516216376793621
"THAILAND",2010,1,0.111058665167546,0.0716517812250769,0,0.0460871572360188
"THAILAND",2010,10,0.111058665167546,0.0802917673436899,0,0.0580951585088067
"THAILAND",2010,11,0.111058665167546,0.0814486624024538,0,0.0485408246302663
"THAILAND",2010,12,0.111058665167546,0.082582682267267,0,0.0460871572360188
"THAILAND",2010,2,0.111058665167546,0.0772940237318104,0,0.0460871572360188
"THAILAND",2010,3,0.111058665167546,0.0763948960704823,0,0.0460871572360188
"THAILAND",2010,4,0.111058665167546,0.0756105811626907,0,0.0510529957331174
"THAILAND",2010,5,0.111058665167546,0.0785841243275491,0,0.0783229631303383
"THAILAND",2010,6,0.111058665167546,0.0807046851579481,0,0.0460871572360188
"THAILAND",2010,7,0.111058665167546,0.0779009619444131,0,0.0460871572360188
"THAILAND",2010,8,0.111058665167546,0.0830063182912878,0,0.0460871572360188
"THAILAND",2010,9,0.111058665167546,0.0801666203779046,0,0.0460871572360188
"VIETNAM",2009,1,0.108489001517059,0.0627293897536052,0,0.0553214368148925
"VIETNAM",2009,10,0.108489001517059,0.0659549156289407,0,0.0553214368148925
"VIETNAM",2009,11,0.108489001517059,0.0660904531468588,0,0.0553214368148925
"VIETNAM",2009,12,0.108489001517059,0.0695777698083728,0,0.0553214368148925
"VIETNAM",2009,2,0.108489001517059,0.0618204879967981,0,0.0553214368148925
"VIETNAM",2009,3,0.108489001517059,0.0617803783842508,0,0.0553214368148925
"VIETNAM",2009,4,0.108489001517059,0.0616530963966552,0,0.0553214368148925
"VIETNAM",2009,5,0.108489001517059,0.0592789898796456,0,0.0553214368148925
"VIETNAM",2009,6,0.108489001517059,0.0653962492860086,0,0.0553214368148925
"VIETNAM",2009,7,0.108489001517059,0.0631657154409265,0,0.0553214368148925
"VIETNAM",2009,8,0.108489001517059,0.0609596545430514,0,0.0553214368148925
"VIETNAM",2009,9,0.108489001517059,0.0610855981253259,0,0.0553214368148925
"VIETNAM",2010,1,0.108489001517059,0.0655081813017861,0,0.0564481301610262
"VIETNAM",2010,10,0.108489001517059,0.0725951053373739,0,0.0564481301610262
"VIETNAM",2010,11,0.108489001517059,0.0736499826899332,0,0.0564481301610262
"VIETNAM",2010,12,0.108489001517059,0.0746842489942804,0,0.0564481301610262
"VIETNAM",2010,2,0.108489001517059,0.0689992886984618,0,0.0564481301610262
"VIETNAM",2010,3,0.108489001517059,0.0673451026364523,0,0.0564481301610262
"VIETNAM",2010,4,0.108489001517059,0.0700509106415942,0,0.0564481301610262
"VIETNAM",2010,5,0.108489001517059,0.0692944504379396,0,0.0564481301610262
"VIETNAM",2010,6,0.108489001517059,0.0685776202551448,0,0.0564481301610262
"VIETNAM",2010,7,0.108489001517059,0.0712959100137531,0,0.0564481301610262
"VIETNAM",2010,8,0.108489001517059,0.0732354328973885,0,0.0564481301610262
"VIETNAM",2010,9,0.108489001517059,0.0724810093708624,0,0.0564481301610262
